{
  "columns": [
    {"name":"id","type":"bigint"},
    {"name":"Gender","type":"string"},
    {"name":"Age","type":"string","meaning":"Text"},
    {"name":"Driving_License","type":"boolean","meaning":"Boolean"},
    {"name":"Region_Code","type":"string","meaning":"Text"},
    {"name":"Previously_Insured","type":"boolean","meaning":"Boolean"},
    {"name":"Vehicle_Age","type":"string"},
    {"name":"Vehicle_Damage","type":"boolean","meaning":"Boolean"},
    {"name":"Annual_Premium","type":"double"},
    {"name":"Policy_Sales_Channel","type":"string","meaning":"Text"},
    {"name":"Vintage","type":"string","meaning":"Text"},
    {"name":"Response","type":"boolean","meaning":"Boolean"}
  ],
  "userModified": true
}