{
  "steps": [],
  "maxProcessedMemTableBytes": -1,
  "columnsSelection": {
    "mode": "ALL"
  },
  "columnWidthsByName": {},
  "coloring": {
    "scheme": "MEANING_AND_STATUS",
    "individualColumns": [],
    "valueColoringMode": "HASH"
  },
  "sorting": [],
  "analysisColumnData": {
    "Driving_License": {
      "meaning": "Boolean"
    },
    "Response": {
      "meaning": "Text"
    },
    "Previously_Insured": {
      "meaning": "Boolean"
    },
    "Vehicle_Damage": {
      "meaning": "Boolean"
    },
    "Region_Code": {
      "meaning": "Text"
    },
    "Policy_Sales_Channel": {
      "meaning": "Text"
    },
    "Age": {
      "meaning": "Text"
    },
    "Vintage": {
      "meaning": "Text"
    }
  },
  "explorationSampling": {
    "selection": {
      "maxStoredBytes": -1,
      "timeout": -1,
      "filter": {
        "distinct": false,
        "enabled": false
      },
      "partitionSelectionMethod": "ALL",
      "latestPartitionsN": 1,
      "ordering": {
        "enabled": false,
        "rules": []
      },
      "samplingMethod": "CLASS_REBALANCE_TARGET_NB_APPROX",
      "maxRecords": 10000,
      "targetRatio": 0.02,
      "column": "Response",
      "withinFirstN": -1,
      "maxReadUncompressedBytes": -1
    },
    "autoRefreshSample": false,
    "_refreshTrigger": 3
  },
  "vizSampling": {
    "autoRefreshSample": false,
    "_refreshTrigger": 0
  },
  "exploreUIParams": {},
  "globalSearchQuery": "",
  "explorationFilters": [],
  "previewMode": "ALL_ROWS"
}