{
  "state": "DONE",
  "preSearchDescription": {
    "gridLength": 1,
    "searchStrategy": "GRID",
    "importantParams": [
      {
        "name": "method",
        "val": "Average"
      },
      {
        "name": "algorithms",
        "vals": [
          "Logistic Regression",
          "Random forest"
        ]
      }
    ]
  },
  "postSearchDescription": {
    "importantParams": [
      {
        "name": "method",
        "val": "Average"
      },
      {
        "name": "algorithms",
        "val": "Logistic Regression,Random forest"
      }
    ]
  },
  "resumed": false,
  "timeOrderingEnabled": false,
  "sampleWeightsEnabled": false,
  "modelId": "m1",
  "progress": {
    "top_level_todo": [],
    "stack": [],
    "top_level_done": [
      {
        "name": "Creating ensemble",
        "time": 4883
      },
      {
        "name": "Saving model",
        "time": 355
      },
      {
        "name": "Scoring model",
        "time": 20725
      }
    ]
  },
  "startTime": 1657440618686,
  "endTime": 1657440644732,
  "preprocessingTime": 0,
  "trainingTime": 0,
  "hyperparamsSearchTime": 0
}