{
  "params": {
    "ttPolicy": "SPLIT_SINGLE_DATASET",
    "ssdSplitMode": "RANDOM",
    "splitBeforePrepare": true,
    "ssdSelection": {
      "useMemTable": false,
      "filter": {
        "distinct": false,
        "enabled": false
      },
      "partitionSelectionMethod": "ALL",
      "latestPartitionsN": 1,
      "ordering": {
        "enabled": false,
        "rules": []
      },
      "samplingMethod": "CLASS_REBALANCE_TARGET_NB_APPROX",
      "maxRecords": 100000,
      "targetRatio": 0.02,
      "column": "Response",
      "withinFirstN": -1,
      "maxReadUncompressedBytes": -1
    },
    "ssdTrainingRatio": 0.8,
    "ssdSeed": 1337,
    "testOnLargerValues": true,
    "kfold": false,
    "nFolds": 5,
    "instanceIdRefresher": 0,
    "subSamplingSeed": 1337
  },
  "generationDate": 1657438740836,
  "policyId": "type\u003dSPLIT_SINGLE_DATASET,split\u003dRANDOM,splitBeforePrepare\u003dtrue,ds\u003dtrain_dataset,sel\u003d(method\u003dclass-rebalance-fixednb-approx,column\u003dResponse,records\u003d100000),r\u003d0.8,s\u003d1337",
  "instanceId": "2fea0e4426456cc3340c28d5cd99e622-0",
  "format": "csv1",
  "schema": {
    "columns": [
      {"name":"id","type":"bigint"},
      {"name":"Gender","type":"string"},
      {"name":"Age","type":"string"},
      {"name":"Driving_License","type":"boolean"},
      {"name":"Region_Code","type":"string"},
      {"name":"Previously_Insured","type":"boolean"},
      {"name":"Vehicle_Age","type":"string"},
      {"name":"Vehicle_Damage","type":"boolean"},
      {"name":"Annual_Premium","type":"double"},
      {"name":"Policy_Sales_Channel","type":"string"},
      {"name":"Vintage","type":"string"},
      {"name":"Response","type":"string"}
    ],
    "userModified": false
  },
  "trainPath": "train-2fea0e4426456cc3340c28d5cd99e622-0.csv.gz",
  "testPath": "test-2fea0e4426456cc3340c28d5cd99e622-0.csv.gz",
  "trainRows": 80137,
  "testRows": 20146,
  "fullRows": 0
}