{
  "type": "Filesystem",
  "managed": true,
  "formatType": "csv",
  "checklists": {
    "checklists": []
  },
  "checks": [],
  "customMeta": {
    "kv": {}
  },
  "flowOptions": {
    "virtualizable": false,
    "rebuildBehavior": "NORMAL",
    "crossProjectBuildBehavior": "DEFAULT"
  },
  "readWriteOptions": {
    "preserveOrder": false,
    "writeBuckets": 1,
    "forceSingleOutputFile": false,
    "defaultReadOrdering": {
      "enabled": false,
      "rules": []
    }
  },
  "formatParams": {
    "style": "unix",
    "charset": "utf8",
    "separator": "\t",
    "quoteChar": "\"",
    "escapeChar": "\\",
    "dateSerializationFormat": "ISO",
    "arrayMapFormat": "json",
    "hiveSeparators": [
      "\u0002",
      "\u0003",
      "\u0004",
      "\u0005",
      "\u0006",
      "\u0007",
      "\b"
    ],
    "skipRowsBeforeHeader": 0,
    "parseHeaderRow": false,
    "skipRowsAfterHeader": 0,
    "probableNumberOfRecords": 0,
    "normalizeBooleans": false,
    "normalizeDoubles": true,
    "readAdditionalColumnsBehavior": "INSERT_IN_DATA_WARNING",
    "readMissingColumnsBehavior": "DISCARD_SILENT",
    "readDataTypeMismatchBehavior": "DISCARD_WARNING",
    "writeDataTypeMismatchBehavior": "DISCARD_WARNING",
    "fileReadFailureBehavior": "FAIL",
    "compress": "gz"
  },
  "partitioning": {
    "ignoreNonMatchingFile": false,
    "considerMissingRequestedPartitionsAsEmpty": false,
    "dimensions": []
  },
  "versionTag": {
    "versionNumber": 7,
    "lastModifiedBy": {
      "login": "admin"
    },
    "lastModifiedOn": 1657447964931
  },
  "creationTag": {
    "versionNumber": 0,
    "lastModifiedBy": {
      "login": "admin"
    },
    "lastModifiedOn": 1657446388573
  },
  "tags": [],
  "params": {
    "connection": "filesystem_managed",
    "path": "${projectKey}/biz_hi_score",
    "notReadyIfEmpty": false,
    "filesSelectionRules": {
      "mode": "ALL",
      "excludeRules": [],
      "includeRules": [],
      "explicitFiles": []
    }
  },
  "schema": {
    "columns": [
      {
        "name": "id",
        "type": "bigint"
      },
      {
        "name": "Gender",
        "type": "string"
      },
      {
        "name": "Age",
        "type": "string"
      },
      {
        "name": "Driving_License",
        "type": "boolean"
      },
      {
        "name": "Region_Code",
        "type": "string"
      },
      {
        "name": "Previously_Insured",
        "type": "boolean"
      },
      {
        "name": "Vehicle_Age",
        "type": "string"
      },
      {
        "name": "Vehicle_Damage",
        "type": "boolean"
      },
      {
        "name": "Annual_Premium",
        "type": "double"
      },
      {
        "name": "Policy_Sales_Channel",
        "type": "string"
      },
      {
        "name": "Vintage",
        "type": "string"
      },
      {
        "name": "proba_0",
        "type": "double"
      },
      {
        "name": "proba_1",
        "type": "double"
      },
      {
        "name": "proba_percentile",
        "type": "tinyint"
      },
      {
        "name": "prediction",
        "type": "string"
      }
    ],
    "userModified": true
  },
  "dkuProperties": [],
  "metrics": {
    "probes": [
      {
        "type": "basic",
        "enabled": false,
        "computeOnBuildMode": "PARTITION",
        "meta": {
          "name": "Basic data",
          "level": 0
        },
        "configuration": {}
      },
      {
        "type": "records",
        "enabled": false,
        "computeOnBuildMode": "NO",
        "meta": {
          "name": "Record count",
          "level": 0
        },
        "configuration": {}
      },
      {
        "type": "col_stats",
        "enabled": true,
        "computeOnBuildMode": "NO",
        "meta": {
          "name": "Columns statistics",
          "level": 2
        },
        "configuration": {
          "aggregates": [
            {
              "column": "Annual_Premium",
              "aggregated": "HISTOGRAM"
            }
          ]
        }
      },
      {
        "type": "adv_col_stats",
        "enabled": true,
        "computeOnBuildMode": "NO",
        "meta": {
          "name": "Most frequent values",
          "level": 3
        },
        "configuration": {
          "aggregates": [],
          "numberTopValues": 10
        }
      },
      {
        "type": "percentile_stats",
        "enabled": false,
        "computeOnBuildMode": "NO",
        "meta": {
          "name": "Columns percentiles",
          "level": 4
        },
        "configuration": {
          "aggregates": []
        }
      },
      {
        "type": "verify_col",
        "enabled": false,
        "computeOnBuildMode": "NO",
        "meta": {
          "name": "Data validity",
          "level": 4
        },
        "configuration": {
          "aggregates": []
        }
      }
    ],
    "engineConfig": {
      "padRunsWithMetrics": false,
      "hive": {
        "active": true,
        "extraConf": []
      },
      "basic": {},
      "dss": {
        "active": true,
        "selection": {
          "useMemTable": false,
          "filter": {
            "distinct": false,
            "enabled": false
          },
          "partitionSelectionMethod": "ALL",
          "latestPartitionsN": 1,
          "ordering": {
            "enabled": false,
            "rules": []
          },
          "samplingMethod": "FULL",
          "maxRecords": -1,
          "targetRatio": 0.02,
          "withinFirstN": -1,
          "maxReadUncompressedBytes": -1
        }
      },
      "sql": {
        "active": true
      },
      "impala": {
        "active": true
      },
      "spark": {
        "active": true,
        "extraConf": []
      },
      "python": {}
    },
    "displayedState": {
      "partition": "NP",
      "columns": [],
      "metrics": []
    }
  },
  "metricsChecks": {
    "runOnBuild": false,
    "checks": [],
    "displayedState": {
      "partition": "NP",
      "checks": []
    }
  },
  "customFields": {}
}