{
    "per_feature": {
        "Driving_License": {
            "stats": {}
        },
        "Annual_Premium": {
            "stats": {
                "min": 2630.0,
                "average": 29460.668904501043,
                "median": 31544.0,
                "max": 62233.0,
                "p99": 58985.84,
                "std": 14914.747670091003
            }
        },
        "Response": {
            "stats": {}
        },
        "Previously_Insured": {
            "stats": {}
        },
        "Vehicle_Age": {
            "stats": {}
        },
        "Vehicle_Damage": {
            "stats": {}
        },
        "Region_Code": {
            "stats": {
                "mostFrequentValue": "28.0",
                "leastFrequentValue": "51.0"
            },
            "category_possible_values": [
                "28.0",
                "8.0",
                "46.0",
                "41.0",
                "15.0",
                "30.0",
                "29.0",
                "3.0",
                "50.0",
                "11.0",
                "36.0",
                "33.0",
                "47.0",
                "35.0",
                "6.0",
                "45.0",
                "37.0",
                "18.0",
                "39.0",
                "48.0",
                "14.0",
                "2.0",
                "21.0",
                "10.0",
                "13.0",
                "7.0",
                "12.0",
                "9.0",
                "32.0",
                "27.0",
                "43.0",
                "17.0",
                "24.0",
                "26.0",
                "38.0",
                "25.0",
                "20.0",
                "31.0",
                "4.0",
                "23.0",
                "0.0",
                "16.0",
                "49.0",
                "34.0",
                "19.0",
                "5.0",
                "22.0",
                "40.0",
                "1.0",
                "44.0",
                "42.0",
                "52.0",
                "51.0"
            ],
            "category_possible_counts": [
                23733,
                6648,
                4105,
                3871,
                2688,
                2444,
                2307,
                2010,
                2008,
                1979,
                1744,
                1629,
                1575,
                1524,
                1221,
                1151,
                1146,
                1094,
                981,
                974,
                946,
                835,
                830,
                818,
                792,
                680,
                650,
                616,
                585,
                567,
                554,
                548,
                540,
                506,
                501,
                444,
                430,
                422,
                417,
                416,
                409,
                401,
                358,
                325,
                316,
                283,
                279,
                279,
                204,
                158,
                105,
                57,
                34
            ]
        },
        "id": {
            "stats": {}
        },
        "Gender": {
            "stats": {}
        },
        "Policy_Sales_Channel": {
            "stats": {}
        },
        "Age": {
            "stats": {}
        },
        "Vintage": {
            "stats": {}
        }
    },
    "feature_order": [
        "Driving_License",
        "Annual_Premium",
        "Response",
        "Previously_Insured",
        "Vehicle_Age",
        "Vehicle_Damage",
        "Region_Code",
        "id",
        "Gender",
        "Policy_Sales_Channel",
        "Age",
        "Vintage"
    ]
}