{
  "dataSpec": {
    "inputDatasetSmartName": "train_set",
    "datasetSelection": {
      "useMemTable": false,
      "filter": {
        "distinct": false,
        "enabled": false
      },
      "partitionSelectionMethod": "ALL",
      "latestPartitionsN": 1,
      "ordering": {
        "enabled": false,
        "rules": []
      },
      "samplingMethod": "FULL",
      "maxRecords": 100000,
      "targetRatio": 0.02,
      "withinFirstN": -1,
      "maxReadUncompressedBytes": -1
    },
    "autoRefreshSample": true,
    "refreshTrigger": 1,
    "containerSelection": {
      "containerMode": "INHERIT"
    }
  },
  "rootCard": {
    "type": "worksheet_root",
    "confidenceLevel": 0.95,
    "showConfidenceInterval": false,
    "cards": [
      {
        "type": "chi2_independence_test",
        "maxValuesX": 5,
        "maxValuesY": 60,
        "confidenceLevel": 0.95,
        "xColumn": {
          "name": "Response",
          "type": "CATEGORICAL"
        },
        "yColumn": {
          "name": "Region_Code",
          "type": "CATEGORICAL"
        },
        "id": "LO3aZtB"
      }
    ],
    "id": "B0TjTED"
  },
  "name": "Worksheet",
  "versionTag": {
    "versionNumber": 58,
    "lastModifiedBy": {
      "login": "admin"
    },
    "lastModifiedOn": 1657420049085
  },
  "creationTag": {
    "versionNumber": 0,
    "lastModifiedBy": {
      "login": "admin"
    },
    "lastModifiedOn": 1657377532517
  },
  "tags": [],
  "customFields": {},
  "checklists": {
    "checklists": []
  }
}