{
    "Annual_Premium": {
        "scale": [
            2630.0,
            13354.475,
            25844.260000000002,
            28932.88,
            31531.405000000002,
            34198.52500000001,
            37211.29000000001,
            41169.74500000001,
            47459.28000000004,
            56803.110000000044
        ],
        "distribution": [
            0.0,
            0.24997518117740494,
            0.10001985505807605,
            0.10001985505807605,
            0.09997021741288593,
            0.10001985505807605,
            0.10001985505807605,
            0.09997021741288593,
            0.10001985505807605,
            0.04998510870644297
        ]
    },
    "Region_Code": {
        "scale": [
            "0.0",
            "1.0",
            "10.0",
            "11.0",
            "12.0",
            "13.0",
            "14.0",
            "15.0",
            "16.0",
            "17.0",
            "18.0",
            "19.0",
            "2.0",
            "20.0",
            "21.0",
            "22.0",
            "23.0",
            "24.0",
            "25.0",
            "26.0",
            "27.0",
            "28.0",
            "29.0",
            "3.0",
            "30.0",
            "31.0",
            "32.0",
            "33.0",
            "34.0",
            "35.0",
            "36.0",
            "37.0",
            "38.0",
            "39.0",
            "4.0",
            "40.0",
            "41.0",
            "42.0",
            "43.0",
            "44.0",
            "45.0",
            "46.0",
            "47.0",
            "48.0",
            "49.0",
            "5.0",
            "50.0",
            "52.0",
            "6.0",
            "7.0",
            "8.0",
            "9.0"
        ],
        "distribution": [
            0.006,
            0.001,
            0.008,
            0.012,
            0.009,
            0.009,
            0.011,
            0.045,
            0.006,
            0.006,
            0.021,
            0.007,
            0.004,
            0.007,
            0.013,
            0.001,
            0.007,
            0.013,
            0.011,
            0.007,
            0.008,
            0.29,
            0.025,
            0.027,
            0.038,
            0.002,
            0.009,
            0.02,
            0.004,
            0.018,
            0.025,
            0.013,
            0.004,
            0.005,
            0.003,
            0.003,
            0.043,
            0.001,
            0.005,
            0.002,
            0.015,
            0.053,
            0.013,
            0.011,
            0.006,
            0.003,
            0.035,
            0.001,
            0.019,
            0.015,
            0.077,
            0.003
        ]
    }
}