{
  "trainedWithDSSVersion": "9.0.1",
  "backend": "PY_MEMORY",
  "isValid": true,
  "type": "BINARY_PROBABILISTIC",
  "algorithm_name": "FOREST_CLASSIFIER",
  "columns": [
    "Annual_Premium",
    "dummy:Region_Code:28.0",
    "dummy:Region_Code:8.0",
    "dummy:Region_Code:46.0",
    "dummy:Region_Code:41.0",
    "dummy:Region_Code:15.0",
    "dummy:Region_Code:30.0",
    "dummy:Region_Code:29.0",
    "dummy:Region_Code:3.0",
    "dummy:Region_Code:50.0",
    "dummy:Region_Code:11.0",
    "dummy:Region_Code:36.0",
    "dummy:Region_Code:33.0",
    "dummy:Region_Code:47.0",
    "dummy:Region_Code:35.0",
    "dummy:Region_Code:6.0",
    "dummy:Region_Code:45.0",
    "dummy:Region_Code:37.0",
    "dummy:Region_Code:18.0",
    "dummy:Region_Code:39.0",
    "dummy:Region_Code:48.0",
    "dummy:Region_Code:14.0",
    "dummy:Region_Code:2.0",
    "dummy:Region_Code:21.0",
    "dummy:Region_Code:10.0",
    "dummy:Region_Code:13.0",
    "dummy:Region_Code:7.0",
    "dummy:Region_Code:12.0",
    "dummy:Region_Code:9.0",
    "dummy:Region_Code:32.0",
    "dummy:Region_Code:27.0",
    "dummy:Region_Code:43.0",
    "dummy:Region_Code:17.0",
    "dummy:Region_Code:24.0",
    "dummy:Region_Code:26.0",
    "dummy:Region_Code:38.0",
    "dummy:Region_Code:25.0",
    "dummy:Region_Code:20.0",
    "dummy:Region_Code:31.0",
    "dummy:Region_Code:4.0",
    "dummy:Region_Code:23.0",
    "dummy:Region_Code:0.0",
    "dummy:Region_Code:16.0",
    "dummy:Region_Code:49.0",
    "dummy:Region_Code:34.0",
    "dummy:Region_Code:19.0",
    "dummy:Region_Code:5.0",
    "dummy:Region_Code:22.0",
    "dummy:Region_Code:40.0",
    "dummy:Region_Code:1.0",
    "dummy:Region_Code:44.0",
    "dummy:Region_Code:42.0",
    "dummy:Region_Code:52.0",
    "dummy:Region_Code:51.0",
    "dummy:Region_Code:N/A",
    "dummy:Region_Code:__Others__"
  ],
  "classes": [
    "0",
    "1"
  ]
}