[
    {
        "test_score_gib": 0.6052077234502538,
        "train_score": 0.7833977548284468,
        "test_score": 0.6052077234502538,
        "num_samples": 16028,
        "fit_time": 51963,
        "score_time": 12663,
        "time": 64626,
        "parameters": {
            "max_depth": 20,
            "max_features": "auto",
            "min_samples_leaf": 1,
            "n_estimators": 125,
            "min_samples_split": 3
        },
        "best_iteration": null,
        "done_at": 1657438813518,
        "split_id": 0
    },
    {
        "test_score_gib": 0.6140106676263638,
        "train_score": 0.7815709140502288,
        "test_score": 0.6140106676263638,
        "num_samples": 16028,
        "fit_time": 52474,
        "score_time": 13535,
        "time": 66009,
        "parameters": {
            "max_depth": 20,
            "max_features": "auto",
            "min_samples_leaf": 1,
            "n_estimators": 125,
            "min_samples_split": 3
        },
        "best_iteration": null,
        "done_at": 1657438814912,
        "split_id": 1
    },
    {
        "test_score_gib": 0.5984062796463783,
        "train_score": 0.7807610287173536,
        "test_score": 0.5984062796463783,
        "num_samples": 16027,
        "fit_time": 52022,
        "score_time": 12746,
        "time": 64768,
        "parameters": {
            "max_depth": 20,
            "max_features": "auto",
            "min_samples_leaf": 1,
            "n_estimators": 125,
            "min_samples_split": 3
        },
        "best_iteration": null,
        "done_at": 1657438813681,
        "split_id": 2
    },
    {
        "test_score_gib": 0.607448925638963,
        "train_score": 0.7829738393675578,
        "test_score": 0.607448925638963,
        "num_samples": 16027,
        "fit_time": 52331,
        "score_time": 12823,
        "time": 65154,
        "parameters": {
            "max_depth": 20,
            "max_features": "auto",
            "min_samples_leaf": 1,
            "n_estimators": 125,
            "min_samples_split": 3
        },
        "best_iteration": null,
        "done_at": 1657438814081,
        "split_id": 3
    },
    {
        "test_score_gib": 0.620153754889772,
        "train_score": 0.7827222289257519,
        "test_score": 0.620153754889772,
        "num_samples": 16027,
        "fit_time": 51132,
        "score_time": 11428,
        "time": 62560,
        "parameters": {
            "max_depth": 20,
            "max_features": "auto",
            "min_samples_leaf": 1,
            "n_estimators": 125,
            "min_samples_split": 3
        },
        "best_iteration": null,
        "done_at": 1657438876287,
        "split_id": 4
    },
    {
        "test_score_gib": 0.6157395308380691,
        "train_score": 0.697182331213688,
        "test_score": 0.6157395308380691,
        "num_samples": 16028,
        "fit_time": 50164,
        "score_time": 12279,
        "time": 62443,
        "parameters": {
            "max_depth": 13,
            "max_features": "auto",
            "min_samples_leaf": 1,
            "n_estimators": 170,
            "min_samples_split": 3
        },
        "best_iteration": null,
        "done_at": 1657438876251,
        "split_id": 0
    },
    {
        "test_score_gib": 0.6214222043626976,
        "train_score": 0.6906761143589714,
        "test_score": 0.6214222043626976,
        "num_samples": 16028,
        "fit_time": 49885,
        "score_time": 12344,
        "time": 62229,
        "parameters": {
            "max_depth": 13,
            "max_features": "auto",
            "min_samples_leaf": 1,
            "n_estimators": 170,
            "min_samples_split": 3
        },
        "best_iteration": null,
        "done_at": 1657438876523,
        "split_id": 1
    },
    {
        "test_score_gib": 0.6044504944785757,
        "train_score": 0.6967132606007718,
        "test_score": 0.6044504944785757,
        "num_samples": 16027,
        "fit_time": 49272,
        "score_time": 12391,
        "time": 61663,
        "parameters": {
            "max_depth": 13,
            "max_features": "auto",
            "min_samples_leaf": 1,
            "n_estimators": 170,
            "min_samples_split": 3
        },
        "best_iteration": null,
        "done_at": 1657438876675,
        "split_id": 2
    },
    {
        "test_score_gib": 0.6161915461988755,
        "train_score": 0.6951108595856879,
        "test_score": 0.6161915461988755,
        "num_samples": 16027,
        "fit_time": 41458,
        "score_time": 11507,
        "time": 52965,
        "parameters": {
            "max_depth": 13,
            "max_features": "auto",
            "min_samples_leaf": 1,
            "n_estimators": 170,
            "min_samples_split": 3
        },
        "best_iteration": null,
        "done_at": 1657438929266,
        "split_id": 3
    },
    {
        "test_score_gib": 0.6279384858497984,
        "train_score": 0.6942696459495987,
        "test_score": 0.6279384858497984,
        "num_samples": 16027,
        "fit_time": 40704,
        "score_time": 11668,
        "time": 52372,
        "parameters": {
            "max_depth": 13,
            "max_features": "auto",
            "min_samples_leaf": 1,
            "n_estimators": 170,
            "min_samples_split": 3
        },
        "best_iteration": null,
        "done_at": 1657438928762,
        "split_id": 4
    },
    {
        "test_score_gib": 0.6167314994106177,
        "train_score": 0.632961622947781,
        "test_score": 0.6167314994106177,
        "num_samples": 16028,
        "fit_time": 20207,
        "score_time": 12924,
        "time": 33131,
        "parameters": {
            "max_depth": 6,
            "max_features": "auto",
            "min_samples_leaf": 1,
            "n_estimators": 125,
            "min_samples_split": 3
        },
        "best_iteration": null,
        "done_at": 1657438909808,
        "split_id": 0
    },
    {
        "test_score_gib": 0.6188204681706795,
        "train_score": 0.632338279787011,
        "test_score": 0.6188204681706795,
        "num_samples": 16028,
        "fit_time": 20156,
        "score_time": 12961,
        "time": 33117,
        "parameters": {
            "max_depth": 6,
            "max_features": "auto",
            "min_samples_leaf": 1,
            "n_estimators": 125,
            "min_samples_split": 3
        },
        "best_iteration": null,
        "done_at": 1657438909833,
        "split_id": 1
    },
    {
        "test_score_gib": 0.6058389502132526,
        "train_score": 0.6348684334389587,
        "test_score": 0.6058389502132526,
        "num_samples": 16027,
        "fit_time": 14557,
        "score_time": 4616,
        "time": 19173,
        "parameters": {
            "max_depth": 6,
            "max_features": "auto",
            "min_samples_leaf": 1,
            "n_estimators": 125,
            "min_samples_split": 3
        },
        "best_iteration": null,
        "done_at": 1657438929051,
        "split_id": 2
    },
    {
        "test_score_gib": 0.6157245864759873,
        "train_score": 0.6338758045235986,
        "test_score": 0.6157245864759873,
        "num_samples": 16027,
        "fit_time": 14472,
        "score_time": 4470,
        "time": 18942,
        "parameters": {
            "max_depth": 6,
            "max_features": "auto",
            "min_samples_leaf": 1,
            "n_estimators": 125,
            "min_samples_split": 3
        },
        "best_iteration": null,
        "done_at": 1657438928893,
        "split_id": 3
    },
    {
        "test_score_gib": 0.6261277329861121,
        "train_score": 0.6300376652425753,
        "test_score": 0.6261277329861121,
        "num_samples": 16027,
        "fit_time": 17014,
        "score_time": 5910,
        "time": 22924,
        "parameters": {
            "max_depth": 6,
            "max_features": "auto",
            "min_samples_leaf": 1,
            "n_estimators": 125,
            "min_samples_split": 3
        },
        "best_iteration": null,
        "done_at": 1657438951783,
        "split_id": 4
    },
    {
        "test_score_gib": 0.6147895549908583,
        "train_score": 0.6938736070175081,
        "test_score": 0.6147895549908583,
        "num_samples": 16028,
        "fit_time": 19186,
        "score_time": 4123,
        "time": 23309,
        "parameters": {
            "max_depth": 13,
            "max_features": "auto",
            "min_samples_leaf": 1,
            "n_estimators": 80,
            "min_samples_split": 3
        },
        "best_iteration": null,
        "done_at": 1657438952362,
        "split_id": 0
    },
    {
        "test_score_gib": 0.6219749824155463,
        "train_score": 0.688188829165757,
        "test_score": 0.6219749824155463,
        "num_samples": 16028,
        "fit_time": 19279,
        "score_time": 4354,
        "time": 23633,
        "parameters": {
            "max_depth": 13,
            "max_features": "auto",
            "min_samples_leaf": 1,
            "n_estimators": 80,
            "min_samples_split": 3
        },
        "best_iteration": null,
        "done_at": 1657438952705,
        "split_id": 1
    },
    {
        "test_score_gib": 0.6045070923362217,
        "train_score": 0.694415154064961,
        "test_score": 0.6045070923362217,
        "num_samples": 16027,
        "fit_time": 19027,
        "score_time": 4427,
        "time": 23454,
        "parameters": {
            "max_depth": 13,
            "max_features": "auto",
            "min_samples_leaf": 1,
            "n_estimators": 80,
            "min_samples_split": 3
        },
        "best_iteration": null,
        "done_at": 1657438952766,
        "split_id": 2
    },
    {
        "test_score_gib": 0.6160857128875264,
        "train_score": 0.6946609189795812,
        "test_score": 0.6160857128875264,
        "num_samples": 16027,
        "fit_time": 18207,
        "score_time": 9132,
        "time": 27339,
        "parameters": {
            "max_depth": 13,
            "max_features": "auto",
            "min_samples_leaf": 1,
            "n_estimators": 80,
            "min_samples_split": 3
        },
        "best_iteration": null,
        "done_at": 1657438979127,
        "split_id": 3
    },
    {
        "test_score_gib": 0.6278234370801985,
        "train_score": 0.6901789785244508,
        "test_score": 0.6278234370801985,
        "num_samples": 16027,
        "fit_time": 18357,
        "score_time": 8749,
        "time": 27106,
        "parameters": {
            "max_depth": 13,
            "max_features": "auto",
            "min_samples_leaf": 1,
            "n_estimators": 80,
            "min_samples_split": 3
        },
        "best_iteration": null,
        "done_at": 1657438979589,
        "split_id": 4
    },
    {
        "test_score_gib": 0.6161151844519503,
        "train_score": 0.6960930892459825,
        "test_score": 0.6161151844519503,
        "num_samples": 16028,
        "fit_time": 26441,
        "score_time": 11766,
        "time": 38207,
        "parameters": {
            "max_depth": 13,
            "max_features": "auto",
            "min_samples_leaf": 1,
            "n_estimators": 125,
            "min_samples_split": 3
        },
        "best_iteration": null,
        "done_at": 1657438990938,
        "split_id": 0
    },
    {
        "test_score_gib": 0.6217650387095037,
        "train_score": 0.6901008282433486,
        "test_score": 0.6217650387095037,
        "num_samples": 16028,
        "fit_time": 26503,
        "score_time": 11683,
        "time": 38186,
        "parameters": {
            "max_depth": 13,
            "max_features": "auto",
            "min_samples_leaf": 1,
            "n_estimators": 125,
            "min_samples_split": 3
        },
        "best_iteration": null,
        "done_at": 1657438991043,
        "split_id": 1
    },
    {
        "test_score_gib": 0.6045038843604846,
        "train_score": 0.6965150082606159,
        "test_score": 0.6045038843604846,
        "num_samples": 16027,
        "fit_time": 22481,
        "score_time": 10900,
        "time": 33381,
        "parameters": {
            "max_depth": 13,
            "max_features": "auto",
            "min_samples_leaf": 1,
            "n_estimators": 125,
            "min_samples_split": 3
        },
        "best_iteration": null,
        "done_at": 1657439012541,
        "split_id": 2
    },
    {
        "test_score_gib": 0.6164192128496284,
        "train_score": 0.6959475021427913,
        "test_score": 0.6164192128496284,
        "num_samples": 16027,
        "fit_time": 22364,
        "score_time": 10904,
        "time": 33268,
        "parameters": {
            "max_depth": 13,
            "max_features": "auto",
            "min_samples_leaf": 1,
            "n_estimators": 125,
            "min_samples_split": 3
        },
        "best_iteration": null,
        "done_at": 1657439012890,
        "split_id": 3
    },
    {
        "test_score_gib": 0.6275884478761327,
        "train_score": 0.6932932523960895,
        "test_score": 0.6275884478761327,
        "num_samples": 16027,
        "fit_time": 22168,
        "score_time": 11984,
        "time": 34152,
        "parameters": {
            "max_depth": 13,
            "max_features": "auto",
            "min_samples_leaf": 1,
            "n_estimators": 125,
            "min_samples_split": 3
        },
        "best_iteration": null,
        "done_at": 1657439025196,
        "split_id": 4
    },
    {
        "test_score_gib": 0.6162032337147559,
        "train_score": 0.6327062146710298,
        "test_score": 0.6162032337147559,
        "num_samples": 16028,
        "fit_time": 18287,
        "score_time": 10487,
        "time": 28774,
        "parameters": {
            "max_depth": 6,
            "max_features": "auto",
            "min_samples_leaf": 1,
            "n_estimators": 170,
            "min_samples_split": 3
        },
        "best_iteration": null,
        "done_at": 1657439019822,
        "split_id": 0
    },
    {
        "test_score_gib": 0.6186812826052446,
        "train_score": 0.6318079649641029,
        "test_score": 0.6186812826052446,
        "num_samples": 16028,
        "fit_time": 15750,
        "score_time": 10735,
        "time": 26485,
        "parameters": {
            "max_depth": 6,
            "max_features": "auto",
            "min_samples_leaf": 1,
            "n_estimators": 170,
            "min_samples_split": 3
        },
        "best_iteration": null,
        "done_at": 1657439039068,
        "split_id": 1
    },
    {
        "test_score_gib": 0.6059620288848526,
        "train_score": 0.6354382194929377,
        "test_score": 0.6059620288848526,
        "num_samples": 16027,
        "fit_time": 15724,
        "score_time": 10251,
        "time": 25975,
        "parameters": {
            "max_depth": 6,
            "max_features": "auto",
            "min_samples_leaf": 1,
            "n_estimators": 170,
            "min_samples_split": 3
        },
        "best_iteration": null,
        "done_at": 1657439038916,
        "split_id": 2
    },
    {
        "test_score_gib": 0.61541982878097,
        "train_score": 0.633516230201799,
        "test_score": 0.61541982878097,
        "num_samples": 16027,
        "fit_time": 16103,
        "score_time": 9632,
        "time": 25735,
        "parameters": {
            "max_depth": 6,
            "max_features": "auto",
            "min_samples_leaf": 1,
            "n_estimators": 170,
            "min_samples_split": 3
        },
        "best_iteration": null,
        "done_at": 1657439045605,
        "split_id": 3
    },
    {
        "test_score_gib": 0.626409716045928,
        "train_score": 0.6300355720843691,
        "test_score": 0.626409716045928,
        "num_samples": 16027,
        "fit_time": 14138,
        "score_time": 9093,
        "time": 23231,
        "parameters": {
            "max_depth": 6,
            "max_features": "auto",
            "min_samples_leaf": 1,
            "n_estimators": 170,
            "min_samples_split": 3
        },
        "best_iteration": null,
        "done_at": 1657439048553,
        "split_id": 4
    },
    {
        "test_score_gib": 0.6165392352794034,
        "train_score": 0.6318379308828016,
        "test_score": 0.6165392352794034,
        "num_samples": 16028,
        "fit_time": 6541,
        "score_time": 3733,
        "time": 10274,
        "parameters": {
            "max_depth": 6,
            "max_features": "auto",
            "min_samples_leaf": 1,
            "n_estimators": 80,
            "min_samples_split": 3
        },
        "best_iteration": null,
        "done_at": 1657439049214,
        "split_id": 0
    },
    {
        "test_score_gib": 0.6185437305329206,
        "train_score": 0.6309429182273065,
        "test_score": 0.6185437305329206,
        "num_samples": 16028,
        "fit_time": 6592,
        "score_time": 3810,
        "time": 10402,
        "parameters": {
            "max_depth": 6,
            "max_features": "auto",
            "min_samples_leaf": 1,
            "n_estimators": 80,
            "min_samples_split": 3
        },
        "best_iteration": null,
        "done_at": 1657439049526,
        "split_id": 1
    },
    {
        "test_score_gib": 0.6049118950385407,
        "train_score": 0.6342156339259002,
        "test_score": 0.6049118950385407,
        "num_samples": 16027,
        "fit_time": 5070,
        "score_time": 6816,
        "time": 11886,
        "parameters": {
            "max_depth": 6,
            "max_features": "auto",
            "min_samples_leaf": 1,
            "n_estimators": 80,
            "min_samples_split": 3
        },
        "best_iteration": null,
        "done_at": 1657439057514,
        "split_id": 2
    },
    {
        "test_score_gib": 0.6155090643048101,
        "train_score": 0.6326099493544869,
        "test_score": 0.6155090643048101,
        "num_samples": 16027,
        "fit_time": 8236,
        "score_time": 5129,
        "time": 13365,
        "parameters": {
            "max_depth": 6,
            "max_features": "auto",
            "min_samples_leaf": 1,
            "n_estimators": 80,
            "min_samples_split": 3
        },
        "best_iteration": null,
        "done_at": 1657439061924,
        "split_id": 3
    },
    {
        "test_score_gib": 0.6261322261446756,
        "train_score": 0.6295391561440038,
        "test_score": 0.6261322261446756,
        "num_samples": 16027,
        "fit_time": 8122,
        "score_time": 5836,
        "time": 13958,
        "parameters": {
            "max_depth": 6,
            "max_features": "auto",
            "min_samples_leaf": 1,
            "n_estimators": 80,
            "min_samples_split": 3
        },
        "best_iteration": null,
        "done_at": 1657439063274,
        "split_id": 4
    },
    {
        "test_score_gib": 0.6057168653243298,
        "train_score": 0.7846910038840285,
        "test_score": 0.6057168653243298,
        "num_samples": 16028,
        "fit_time": 47545,
        "score_time": 17028,
        "time": 64573,
        "parameters": {
            "max_depth": 20,
            "max_features": "auto",
            "min_samples_leaf": 1,
            "n_estimators": 170,
            "min_samples_split": 3
        },
        "best_iteration": null,
        "done_at": 1657439114161,
        "split_id": 0
    },
    {
        "test_score_gib": 0.6138307144554239,
        "train_score": 0.7834622113153451,
        "test_score": 0.6138307144554239,
        "num_samples": 16028,
        "fit_time": 48697,
        "score_time": 12222,
        "time": 60919,
        "parameters": {
            "max_depth": 20,
            "max_features": "auto",
            "min_samples_leaf": 1,
            "n_estimators": 170,
            "min_samples_split": 3
        },
        "best_iteration": null,
        "done_at": 1657439118480,
        "split_id": 1
    },
    {
        "test_score_gib": 0.5983231910822577,
        "train_score": 0.7828347246613624,
        "test_score": 0.5983231910822577,
        "num_samples": 16027,
        "fit_time": 49053,
        "score_time": 11551,
        "time": 60604,
        "parameters": {
            "max_depth": 20,
            "max_features": "auto",
            "min_samples_leaf": 1,
            "n_estimators": 170,
            "min_samples_split": 3
        },
        "best_iteration": null,
        "done_at": 1657439122530,
        "split_id": 2
    },
    {
        "test_score_gib": 0.608348095335141,
        "train_score": 0.7825883539635969,
        "test_score": 0.608348095335141,
        "num_samples": 16027,
        "fit_time": 48482,
        "score_time": 11666,
        "time": 60148,
        "parameters": {
            "max_depth": 20,
            "max_features": "auto",
            "min_samples_leaf": 1,
            "n_estimators": 170,
            "min_samples_split": 3
        },
        "best_iteration": null,
        "done_at": 1657439123484,
        "split_id": 3
    },
    {
        "test_score_gib": 0.620592580067687,
        "train_score": 0.7848501346788546,
        "test_score": 0.620592580067687,
        "num_samples": 16027,
        "fit_time": 35323,
        "score_time": 13888,
        "time": 49211,
        "parameters": {
            "max_depth": 20,
            "max_features": "auto",
            "min_samples_leaf": 1,
            "n_estimators": 170,
            "min_samples_split": 3
        },
        "best_iteration": null,
        "done_at": 1657439163374,
        "split_id": 4
    },
    {
        "test_score_gib": 0.6046454133674838,
        "train_score": 0.7801390221876657,
        "test_score": 0.6046454133674838,
        "num_samples": 16028,
        "fit_time": 21434,
        "score_time": 9034,
        "time": 30468,
        "parameters": {
            "max_depth": 20,
            "max_features": "auto",
            "min_samples_leaf": 1,
            "n_estimators": 80,
            "min_samples_split": 3
        },
        "best_iteration": null,
        "done_at": 1657439148950,
        "split_id": 0
    },
    {
        "test_score_gib": 0.6136616479184487,
        "train_score": 0.7764776866452227,
        "test_score": 0.6136616479184487,
        "num_samples": 16028,
        "fit_time": 23237,
        "score_time": 6335,
        "time": 29572,
        "parameters": {
            "max_depth": 20,
            "max_features": "auto",
            "min_samples_leaf": 1,
            "n_estimators": 80,
            "min_samples_split": 3
        },
        "best_iteration": null,
        "done_at": 1657439152104,
        "split_id": 1
    },
    {
        "test_score_gib": 0.5985934979074035,
        "train_score": 0.7793387551103319,
        "test_score": 0.5985934979074035,
        "num_samples": 16027,
        "fit_time": 22932,
        "score_time": 6313,
        "time": 29245,
        "parameters": {
            "max_depth": 20,
            "max_features": "auto",
            "min_samples_leaf": 1,
            "n_estimators": 80,
            "min_samples_split": 3
        },
        "best_iteration": null,
        "done_at": 1657439152806,
        "split_id": 2
    },
    {
        "test_score_gib": 0.6066906677714323,
        "train_score": 0.7782645826783445,
        "test_score": 0.6066906677714323,
        "num_samples": 16027,
        "fit_time": 12641,
        "score_time": 3560,
        "time": 16201,
        "parameters": {
            "max_depth": 20,
            "max_features": "auto",
            "min_samples_leaf": 1,
            "n_estimators": 80,
            "min_samples_split": 3
        },
        "best_iteration": null,
        "done_at": 1657439165153,
        "split_id": 3
    },
    {
        "test_score_gib": 0.6212974181653359,
        "train_score": 0.7765654935680001,
        "test_score": 0.6212974181653359,
        "num_samples": 16027,
        "fit_time": 12428,
        "score_time": 1257,
        "time": 13685,
        "parameters": {
            "max_depth": 20,
            "max_features": "auto",
            "min_samples_leaf": 1,
            "n_estimators": 80,
            "min_samples_split": 3
        },
        "best_iteration": null,
        "done_at": 1657439165791,
        "split_id": 4
    }
]