{
    "startedAt": 1657438748882,
    "gridSize": 9,
    "nThreads": 4,
    "nSplits": 5,
    "metric": "ROC_AUC",
    "timeout": null,
    "gridPoints": [
        {
            "finishedAt": 1657438876287,
            "score": 0.6090454843193852,
            "testScoreGibMean": 0.6090454843193852,
            "testScoreMean": 0.6090454843193852,
            "testScoreStd": 0.007463408211214806,
            "trainScoreMean": 0.7822851581488864,
            "trainScoreStd": 0.000973271809107245,
            "time": 323117,
            "fitTimeMean": 51984.4,
            "fitTimeStd": 466.53985896169684,
            "scoreTimeMean": 12639.0,
            "scoreTimeStd": 680.4730707382915,
            "best_iteration": null,
            "parameters": {
                "max_depth": 20,
                "max_features": "auto",
                "min_samples_leaf": 1,
                "n_estimators": 125,
                "min_samples_split": 3
            }
        },
        {
            "finishedAt": 1657438929266,
            "score": 0.6171484880947642,
            "testScoreGibMean": 0.6171484880947642,
            "testScoreMean": 0.6171484880947642,
            "testScoreStd": 0.007730749614593937,
            "trainScoreMean": 0.6947904208480628,
            "trainScoreStd": 0.0023117395851458733,
            "time": 291672,
            "fitTimeMean": 46296.6,
            "fitTimeStd": 4274.9415715305395,
            "scoreTimeMean": 12037.8,
            "scoreTimeStd": 372.877137942245,
            "best_iteration": null,
            "parameters": {
                "max_depth": 13,
                "max_features": "auto",
                "min_samples_leaf": 1,
                "n_estimators": 170,
                "min_samples_split": 3
            }
        },
        {
            "finishedAt": 1657438951783,
            "score": 0.6166486755865568,
            "testScoreGibMean": 0.6166486755865568,
            "testScoreMean": 0.6166486755865568,
            "testScoreStd": 0.006515752790183565,
            "trainScoreMean": 0.6328163570348516,
            "trainScoreStd": 0.0016311908659844244,
            "time": 127287,
            "fitTimeMean": 17281.2,
            "fitTimeStd": 2538.0719769147604,
            "scoreTimeMean": 8176.2,
            "scoreTimeStd": 3923.8379375300406,
            "best_iteration": null,
            "parameters": {
                "max_depth": 6,
                "max_features": "auto",
                "min_samples_leaf": 1,
                "n_estimators": 125,
                "min_samples_split": 3
            }
        },
        {
            "finishedAt": 1657438979589,
            "score": 0.6170361895373574,
            "testScoreGibMean": 0.6170361895373574,
            "testScoreMean": 0.6170361895373574,
            "testScoreStd": 0.007793326524728031,
            "trainScoreMean": 0.6922634667961319,
            "trainScoreStd": 0.0026045422221483744,
            "time": 124841,
            "fitTimeMean": 18811.2,
            "fitTimeStd": 442.09428858559124,
            "scoreTimeMean": 6157.0,
            "scoreTimeStd": 2278.1551308021144,
            "best_iteration": null,
            "parameters": {
                "max_depth": 13,
                "max_features": "auto",
                "min_samples_leaf": 1,
                "n_estimators": 80,
                "min_samples_split": 3
            }
        },
        {
            "finishedAt": 1657439025196,
            "score": 0.6172783951224659,
            "testScoreGibMean": 0.6172783951224659,
            "testScoreMean": 0.6172783951224659,
            "testScoreStd": 0.0076380703991031805,
            "trainScoreMean": 0.6943899037885936,
            "trainScoreStd": 0.00242662026950081,
            "time": 177194,
            "fitTimeMean": 23991.4,
            "fitTimeStd": 2027.9645559032829,
            "scoreTimeMean": 11447.4,
            "scoreTimeStd": 456.0445592263984,
            "best_iteration": null,
            "parameters": {
                "max_depth": 13,
                "max_features": "auto",
                "min_samples_leaf": 1,
                "n_estimators": 125,
                "min_samples_split": 3
            }
        },
        {
            "finishedAt": 1657439048553,
            "score": 0.6165352406435878,
            "testScoreGibMean": 0.6165352406435878,
            "testScoreMean": 0.6165352406435878,
            "testScoreStd": 0.006561293495525709,
            "trainScoreMean": 0.6327008292080517,
            "trainScoreStd": 0.0017921308212332683,
            "time": 130200,
            "fitTimeMean": 16000.4,
            "fitTimeStd": 1330.16519274863,
            "scoreTimeMean": 10039.6,
            "scoreTimeStd": 598.4358278044523,
            "best_iteration": null,
            "parameters": {
                "max_depth": 6,
                "max_features": "auto",
                "min_samples_leaf": 1,
                "n_estimators": 170,
                "min_samples_split": 3
            }
        },
        {
            "finishedAt": 1657439063274,
            "score": 0.6163272605644898,
            "testScoreGibMean": 0.6163272605644898,
            "testScoreMean": 0.6163272605644898,
            "testScoreStd": 0.006812775572515487,
            "trainScoreMean": 0.6318291067583205,
            "trainScoreStd": 0.0015706208991219004,
            "time": 59885,
            "fitTimeMean": 6912.2,
            "fitTimeStd": 1170.47689426148,
            "scoreTimeMean": 5064.8,
            "scoreTimeStd": 1184.380580725638,
            "best_iteration": null,
            "parameters": {
                "max_depth": 6,
                "max_features": "auto",
                "min_samples_leaf": 1,
                "n_estimators": 80,
                "min_samples_split": 3
            }
        },
        {
            "finishedAt": 1657439163374,
            "score": 0.6093622995228966,
            "testScoreGibMean": 0.6093622995228966,
            "testScoreMean": 0.6093622995228966,
            "testScoreStd": 0.007513463639135973,
            "trainScoreMean": 0.7836852954669601,
            "trainScoreStd": 0.0009321776100536643,
            "time": 295455,
            "fitTimeMean": 45820.0,
            "fitTimeStd": 5272.158874692605,
            "scoreTimeMean": 13271.0,
            "scoreTimeStd": 2055.7511522555446,
            "best_iteration": null,
            "parameters": {
                "max_depth": 20,
                "max_features": "auto",
                "min_samples_leaf": 1,
                "n_estimators": 170,
                "min_samples_split": 3
            }
        },
        {
            "finishedAt": 1657439165791,
            "score": 0.6089777334135477,
            "testScoreGibMean": 0.6089777334135477,
            "testScoreMean": 0.6089777334135477,
            "testScoreStd": 0.007817168478068844,
            "trainScoreMean": 0.7781571118126084,
            "trainScoreStd": 0.0014621676654503464,
            "time": 119171,
            "fitTimeMean": 18534.4,
            "fitTimeStd": 4937.23196133218,
            "scoreTimeMean": 5299.8,
            "scoreTimeStd": 2661.337964257828,
            "best_iteration": null,
            "parameters": {
                "max_depth": 20,
                "max_features": "auto",
                "min_samples_leaf": 1,
                "n_estimators": 80,
                "min_samples_split": 3
            }
        }
    ]
}