{
    "modelInputNRows": 80137,
    "modelInputNCols": 56,
    "modelInputIsSparse": false,
    "modelInputMemory": 35901376,
    "usedGridSearch": true,
    "gridSize": 9,
    "gridBestScore": 0.6172783951224659,
    "gridCells": [
        {
            "params": {
                "max_depth": 20,
                "max_features": "auto",
                "min_samples_leaf": 1,
                "n_estimators": 125,
                "min_samples_split": 3
            },
            "score": 0.6090454843193852,
            "scoreStd": 0.007463408211214806,
            "fitTime": 51.9844,
            "fitTimeStd": 0.46653985896169686,
            "scoreTime": 12.639,
            "scoreTimeStd": 0.6804730707382916
        },
        {
            "params": {
                "max_depth": 13,
                "max_features": "auto",
                "min_samples_leaf": 1,
                "n_estimators": 170,
                "min_samples_split": 3
            },
            "score": 0.6171484880947642,
            "scoreStd": 0.007730749614593937,
            "fitTime": 46.2966,
            "fitTimeStd": 4.274941571530539,
            "scoreTime": 12.037799999999999,
            "scoreTimeStd": 0.372877137942245
        },
        {
            "params": {
                "max_depth": 6,
                "max_features": "auto",
                "min_samples_leaf": 1,
                "n_estimators": 125,
                "min_samples_split": 3
            },
            "score": 0.6166486755865568,
            "scoreStd": 0.006515752790183565,
            "fitTime": 17.281200000000002,
            "fitTimeStd": 2.5380719769147606,
            "scoreTime": 8.1762,
            "scoreTimeStd": 3.9238379375300405
        },
        {
            "params": {
                "max_depth": 13,
                "max_features": "auto",
                "min_samples_leaf": 1,
                "n_estimators": 80,
                "min_samples_split": 3
            },
            "score": 0.6170361895373574,
            "scoreStd": 0.007793326524728031,
            "fitTime": 18.8112,
            "fitTimeStd": 0.44209428858559124,
            "scoreTime": 6.157,
            "scoreTimeStd": 2.2781551308021144
        },
        {
            "params": {
                "max_depth": 13,
                "max_features": "auto",
                "min_samples_leaf": 1,
                "n_estimators": 125,
                "min_samples_split": 3
            },
            "score": 0.6172783951224659,
            "scoreStd": 0.0076380703991031805,
            "fitTime": 23.991400000000002,
            "fitTimeStd": 2.027964555903283,
            "scoreTime": 11.4474,
            "scoreTimeStd": 0.4560445592263984
        },
        {
            "params": {
                "max_depth": 6,
                "max_features": "auto",
                "min_samples_leaf": 1,
                "n_estimators": 170,
                "min_samples_split": 3
            },
            "score": 0.6165352406435878,
            "scoreStd": 0.006561293495525709,
            "fitTime": 16.0004,
            "fitTimeStd": 1.33016519274863,
            "scoreTime": 10.0396,
            "scoreTimeStd": 0.5984358278044523
        },
        {
            "params": {
                "max_depth": 6,
                "max_features": "auto",
                "min_samples_leaf": 1,
                "n_estimators": 80,
                "min_samples_split": 3
            },
            "score": 0.6163272605644898,
            "scoreStd": 0.006812775572515487,
            "fitTime": 6.9121999999999995,
            "fitTimeStd": 1.17047689426148,
            "scoreTime": 5.0648,
            "scoreTimeStd": 1.184380580725638
        },
        {
            "params": {
                "max_depth": 20,
                "max_features": "auto",
                "min_samples_leaf": 1,
                "n_estimators": 170,
                "min_samples_split": 3
            },
            "score": 0.6093622995228966,
            "scoreStd": 0.007513463639135973,
            "fitTime": 45.82,
            "fitTimeStd": 5.272158874692606,
            "scoreTime": 13.271,
            "scoreTimeStd": 2.0557511522555445
        },
        {
            "params": {
                "max_depth": 20,
                "max_features": "auto",
                "min_samples_leaf": 1,
                "n_estimators": 80,
                "min_samples_split": 3
            },
            "score": 0.6089777334135477,
            "scoreStd": 0.007817168478068844,
            "fitTime": 18.5344,
            "fitTimeStd": 4.93723196133218,
            "scoreTime": 5.2998,
            "scoreTimeStd": 2.661337964257828
        }
    ],
    "rawImportance": {
        "variables": [
            "Annual_Premium",
            "dummy:Region_Code:28.0",
            "dummy:Region_Code:8.0",
            "dummy:Region_Code:46.0",
            "dummy:Region_Code:41.0",
            "dummy:Region_Code:15.0",
            "dummy:Region_Code:30.0",
            "dummy:Region_Code:29.0",
            "dummy:Region_Code:3.0",
            "dummy:Region_Code:50.0",
            "dummy:Region_Code:11.0",
            "dummy:Region_Code:36.0",
            "dummy:Region_Code:33.0",
            "dummy:Region_Code:47.0",
            "dummy:Region_Code:35.0",
            "dummy:Region_Code:6.0",
            "dummy:Region_Code:45.0",
            "dummy:Region_Code:37.0",
            "dummy:Region_Code:18.0",
            "dummy:Region_Code:39.0",
            "dummy:Region_Code:48.0",
            "dummy:Region_Code:14.0",
            "dummy:Region_Code:2.0",
            "dummy:Region_Code:21.0",
            "dummy:Region_Code:10.0",
            "dummy:Region_Code:13.0",
            "dummy:Region_Code:7.0",
            "dummy:Region_Code:12.0",
            "dummy:Region_Code:9.0",
            "dummy:Region_Code:32.0",
            "dummy:Region_Code:27.0",
            "dummy:Region_Code:43.0",
            "dummy:Region_Code:17.0",
            "dummy:Region_Code:24.0",
            "dummy:Region_Code:26.0",
            "dummy:Region_Code:38.0",
            "dummy:Region_Code:25.0",
            "dummy:Region_Code:20.0",
            "dummy:Region_Code:31.0",
            "dummy:Region_Code:4.0",
            "dummy:Region_Code:23.0",
            "dummy:Region_Code:0.0",
            "dummy:Region_Code:16.0",
            "dummy:Region_Code:49.0",
            "dummy:Region_Code:34.0",
            "dummy:Region_Code:19.0",
            "dummy:Region_Code:5.0",
            "dummy:Region_Code:22.0",
            "dummy:Region_Code:40.0",
            "dummy:Region_Code:1.0",
            "dummy:Region_Code:44.0",
            "dummy:Region_Code:42.0",
            "dummy:Region_Code:52.0",
            "dummy:Region_Code:51.0"
        ],
        "importances": [
            0.5426882772275053,
            0.2783666201915769,
            0.01202363345810244,
            0.0021333632793295956,
            0.0027394633440741972,
            0.02233215108796857,
            0.015348544883393692,
            0.0019056004443600433,
            0.003192417054574952,
            0.03024525677535775,
            0.000624144632621102,
            0.007720946820311037,
            0.0019474753216764328,
            0.0020847535753811992,
            0.0016291753363255428,
            0.008525916411036519,
            0.00029338681657497157,
            0.005118357557047549,
            0.002029042196370682,
            0.0009116974928666268,
            0.0011816295849206373,
            0.0007687225419457059,
            0.0034212137000920093,
            0.0017011099905266459,
            0.009042747911940121,
            0.0006025998225946517,
            0.000935128671420574,
            0.00015205472235027437,
            0.0012773019708166458,
            0.0005429922555932027,
            0.005039154000477136,
            0.00037987183310660795,
            0.003134776646564835,
            0.0009575474030289211,
            0.0014915863386264357,
            0.005108706664706039,
            0.00841653123643347,
            6.79811095839669e-05,
            0.00021172797039139556,
            0.0009753896830345506,
            0.0007029478190329917,
            0.002487215607064364,
            0.0036357451018306213,
            0.001449473037690823,
            0.0003347641738902003,
            0.0018284398499819538,
            0.00010642511277471818,
            0.001257659817050123,
            7.848240462022896e-05,
            3.461387052397247e-05,
            0.0005976411701838016,
            6.837013421266978e-05,
            1.1272316286323624e-05,
            0.00013795162024809394
        ]
    },
    "probaAware": true
}