{
  "state": "DONE",
  "preSearchDescription": {
    "gridLength": 9,
    "searchStrategy": "GRID",
    "importantParams": [
      {
        "name": "trees",
        "min": "80",
        "max": "170"
      },
      {
        "name": "depth",
        "min": "6",
        "max": "20"
      },
      {
        "name": "min_samples",
        "vals": [
          "1"
        ]
      }
    ]
  },
  "postSearchDescription": {
    "importantParams": [
      {
        "name": "trees",
        "val": "125"
      },
      {
        "name": "depth",
        "val": "13"
      },
      {
        "name": "min_samples",
        "val": "1"
      }
    ]
  },
  "resumed": false,
  "timeOrderingEnabled": false,
  "sampleWeightsEnabled": false,
  "modelId": "m1",
  "progress": {
    "top_level_todo": [],
    "stack": [],
    "top_level_done": [
      {
        "name": "Loading train set",
        "time": 455
      },
      {
        "name": "Loading test set",
        "time": 130
      },
      {
        "name": "Collecting statistics",
        "time": 114
      },
      {
        "name": "Preprocessing train set",
        "time": 606
      },
      {
        "name": "Preprocessing test set",
        "time": 155
      },
      {
        "name": "Hyperparameter searching",
        "time": 417751
      },
      {
        "name": "Fitting model",
        "time": 10105
      },
      {
        "name": "Saving model",
        "time": 168
      },
      {
        "name": "Scoring model",
        "time": 11354
      }
    ]
  },
  "startTime": 1657438747170,
  "endTime": 1657439188231,
  "preprocessingTime": 1475,
  "trainingTime": 439586,
  "hyperparamsSearchTime": 417751
}