{
  "name": "Testing",
  "color": "#8C2DA7",
  "items": [
    {
      "objectId": "RFC_eval",
      "objectType": "DATASET"
    },
    {
      "objectId": "LogR_eval",
      "objectType": "DATASET"
    },
    {
      "objectId": "evaluate_on_test_dataset",
      "objectType": "RECIPE"
    },
    {
      "objectId": "evaluate_on_test_dataset_1",
      "objectType": "RECIPE"
    },
    {
      "objectId": "ensem_eval",
      "objectType": "DATASET"
    },
    {
      "objectId": "evaluate_on_test_dataset_2",
      "objectType": "RECIPE"
    },
    {
      "objectId": "compute_eval_stacked",
      "objectType": "RECIPE"
    },
    {
      "objectId": "eval_stacked",
      "objectType": "DATASET"
    }
  ],
  "shared": [
    {
      "objectId": "1GcRe4m7",
      "objectType": "SAVED_MODEL"
    },
    {
      "objectId": "9jCcwvWz",
      "objectType": "SAVED_MODEL"
    },
    {
      "objectId": "DXNxAL3V",
      "objectType": "SAVED_MODEL"
    },
    {
      "objectId": "test_dataset",
      "objectType": "DATASET"
    }
  ],
  "tags": [],
  "customFields": {},
  "checklists": {
    "checklists": []
  }
}