{
  "name": "Implement",
  "color": "#D03713",
  "items": [
    {
      "objectId": "biz_set_scored",
      "objectType": "DATASET"
    },
    {
      "objectId": "score_biz_set",
      "objectType": "RECIPE"
    },
    {
      "objectId": "biz_hi_score",
      "objectType": "DATASET"
    },
    {
      "objectId": "split_biz_set_scored",
      "objectType": "RECIPE"
    },
    {
      "objectId": "biz_low_score",
      "objectType": "DATASET"
    },
    {
      "objectId": "biz_mid_score",
      "objectType": "DATASET"
    }
  ],
  "shared": [
    {
      "objectId": "1GcRe4m7",
      "objectType": "SAVED_MODEL"
    },
    {
      "objectId": "biz_set",
      "objectType": "DATASET"
    }
  ],
  "tags": [],
  "customFields": {},
  "checklists": {
    "checklists": []
  }
}