{
  "pages": [
    {
      "id": "uUzRFbh",
      "grid": {
        "tiles": []
      },
      "showTitle": false
    }
  ],
  "owner": "admin",
  "listed": true,
  "name": "Cross_Sale_Prediction\u0027s default dashboard",
  "showGrid": true,
  "versionTag": {
    "versionNumber": 0,
    "lastModifiedBy": {
      "login": "admin"
    },
    "lastModifiedOn": 1657369852085
  },
  "creationTag": {
    "versionNumber": 0,
    "lastModifiedBy": {
      "login": "admin"
    },
    "lastModifiedOn": 1657369852085
  },
  "tags": [],
  "customFields": {},
  "checklists": {
    "checklists": []
  }
}