{
    "startedAt": 1657438748886,
    "gridSize": 10,
    "nThreads": 4,
    "nSplits": 5,
    "metric": "ROC_AUC",
    "timeout": null,
    "gridPoints": [
        {
            "finishedAt": 1657438755788,
            "score": 0.6161691624700347,
            "testScoreGibMean": 0.6161691624700347,
            "testScoreMean": 0.6161691624700347,
            "testScoreStd": 0.004896513315364246,
            "trainScoreMean": 0.6184204684720227,
            "trainScoreStd": 0.001221318692119779,
            "time": 16596,
            "fitTimeMean": 1436.0,
            "fitTimeStd": 398.9029957270314,
            "scoreTimeMean": 1883.2,
            "scoreTimeStd": 1175.798690252715,
            "best_iteration": null,
            "parameters": {
                "C": 10.0,
                "penalty": "l2"
            }
        },
        {
            "finishedAt": 1657438836864,
            "score": 0.615934208911634,
            "testScoreGibMean": 0.615934208911634,
            "testScoreMean": 0.615934208911634,
            "testScoreStd": 0.0053182036936395,
            "trainScoreMean": 0.6178512948575152,
            "trainScoreStd": 0.0011942854010354982,
            "time": 25820,
            "fitTimeMean": 2150.2,
            "fitTimeStd": 808.0765805293456,
            "scoreTimeMean": 3013.8,
            "scoreTimeStd": 704.755390188681,
            "best_iteration": null,
            "parameters": {
                "C": 0.01,
                "penalty": "l2"
            }
        },
        {
            "finishedAt": 1657438850573,
            "score": 0.6161439921162966,
            "testScoreGibMean": 0.6161439921162966,
            "testScoreMean": 0.6161439921162966,
            "testScoreStd": 0.004880906417046664,
            "trainScoreMean": 0.6183661591344736,
            "trainScoreStd": 0.00121914748745272,
            "time": 34473,
            "fitTimeMean": 3469.4,
            "fitTimeStd": 309.08096026769425,
            "scoreTimeMean": 3425.2,
            "scoreTimeStd": 349.66978708490103,
            "best_iteration": null,
            "parameters": {
                "C": 1.0,
                "penalty": "l2"
            }
        },
        {
            "finishedAt": 1657438863044,
            "score": 0.6162546228492324,
            "testScoreGibMean": 0.6162546228492324,
            "testScoreMean": 0.6162546228492324,
            "testScoreStd": 0.004967726231181152,
            "trainScoreMean": 0.6183643702579009,
            "trainScoreStd": 0.0012138390985452544,
            "time": 32636,
            "fitTimeMean": 3069.4,
            "fitTimeStd": 308.42088126454735,
            "scoreTimeMean": 3457.8,
            "scoreTimeStd": 345.57742981855745,
            "best_iteration": null,
            "parameters": {
                "C": 0.1,
                "penalty": "l2"
            }
        },
        {
            "finishedAt": 1657438869101,
            "score": 0.6161760716523993,
            "testScoreGibMean": 0.6161760716523993,
            "testScoreMean": 0.6161760716523993,
            "testScoreStd": 0.004899501870151953,
            "trainScoreMean": 0.6184288820489297,
            "trainScoreStd": 0.0012283927095241818,
            "time": 341643,
            "fitTimeMean": 66329.0,
            "fitTimeStd": 9321.278774932118,
            "scoreTimeMean": 1999.6,
            "scoreTimeStd": 1095.7761815261363,
            "best_iteration": null,
            "parameters": {
                "C": 100.0,
                "penalty": "l1"
            }
        },
        {
            "finishedAt": 1657438874812,
            "score": 0.6161498896904762,
            "testScoreGibMean": 0.6161498896904762,
            "testScoreMean": 0.6161498896904762,
            "testScoreStd": 0.0049074487100767535,
            "trainScoreMean": 0.6183330461858372,
            "trainScoreStd": 0.0012198477051558938,
            "time": 36906,
            "fitTimeMean": 5954.8,
            "fitTimeStd": 2396.946340659298,
            "scoreTimeMean": 1426.4,
            "scoreTimeStd": 205.77716102619357,
            "best_iteration": null,
            "parameters": {
                "C": 1.0,
                "penalty": "l1"
            }
        },
        {
            "finishedAt": 1657438876849,
            "score": 0.6159691845552786,
            "testScoreGibMean": 0.6159691845552786,
            "testScoreMean": 0.6159691845552786,
            "testScoreStd": 0.005290663172309353,
            "trainScoreMean": 0.6179762920357031,
            "trainScoreStd": 0.0012749216687322157,
            "time": 14977,
            "fitTimeMean": 1809.0,
            "fitTimeStd": 233.53286706585862,
            "scoreTimeMean": 1186.4,
            "scoreTimeStd": 182.95638824594235,
            "best_iteration": null,
            "parameters": {
                "C": 0.1,
                "penalty": "l1"
            }
        },
        {
            "finishedAt": 1657438878695,
            "score": 0.6013221266125782,
            "testScoreGibMean": 0.6013221266125782,
            "testScoreMean": 0.6013221266125782,
            "testScoreStd": 0.006815407439796009,
            "trainScoreMean": 0.6021907770505976,
            "trainScoreStd": 0.0013946258719386097,
            "time": 8080,
            "fitTimeMean": 669.2,
            "fitTimeStd": 91.16227289838707,
            "scoreTimeMean": 946.8,
            "scoreTimeStd": 61.69084210804712,
            "best_iteration": null,
            "parameters": {
                "C": 0.01,
                "penalty": "l1"
            }
        },
        {
            "finishedAt": 1657438888881,
            "score": 0.6161796094542198,
            "testScoreGibMean": 0.6161796094542198,
            "testScoreMean": 0.6161796094542198,
            "testScoreStd": 0.004901476615324778,
            "trainScoreMean": 0.6184353283857625,
            "trainScoreStd": 0.0012256389020433732,
            "time": 33534,
            "fitTimeMean": 3303.2,
            "fitTimeStd": 1498.6920163929612,
            "scoreTimeMean": 3403.6,
            "scoreTimeStd": 1041.8640218377827,
            "best_iteration": null,
            "parameters": {
                "C": 100.0,
                "penalty": "l2"
            }
        },
        {
            "finishedAt": 1657438925872,
            "score": 0.6161637168801808,
            "testScoreGibMean": 0.6161637168801808,
            "testScoreMean": 0.6161637168801808,
            "testScoreStd": 0.004895216974523823,
            "trainScoreMean": 0.6184161840478272,
            "trainScoreStd": 0.0012222435026812057,
            "time": 107082,
            "fitTimeMean": 20092.8,
            "fitTimeStd": 3922.884367401109,
            "scoreTimeMean": 1323.6,
            "scoreTimeStd": 520.4584901795723,
            "best_iteration": null,
            "parameters": {
                "C": 10.0,
                "penalty": "l1"
            }
        }
    ]
}