[
    {
        "test_score_gib": 0.6145077475482612,
        "train_score": 0.6188821023006679,
        "test_score": 0.6145077475482612,
        "num_samples": 16028,
        "fit_time": 1018,
        "score_time": 843,
        "time": 1861,
        "parameters": {
            "C": 10.0,
            "penalty": "l2"
        },
        "best_iteration": null,
        "done_at": 1657438750776,
        "split_id": 0
    },
    {
        "test_score_gib": 0.6211734353143002,
        "train_score": 0.617175841221316,
        "test_score": 0.6211734353143002,
        "num_samples": 16028,
        "fit_time": 1853,
        "score_time": 1919,
        "time": 3772,
        "parameters": {
            "C": 10.0,
            "penalty": "l2"
        },
        "best_iteration": null,
        "done_at": 1657438752697,
        "split_id": 1
    },
    {
        "test_score_gib": 0.608292513668567,
        "train_score": 0.6203062421449289,
        "test_score": 0.608292513668567,
        "num_samples": 16027,
        "fit_time": 1646,
        "score_time": 872,
        "time": 2518,
        "parameters": {
            "C": 10.0,
            "penalty": "l2"
        },
        "best_iteration": null,
        "done_at": 1657438751474,
        "split_id": 2
    },
    {
        "test_score_gib": 0.6152927750090004,
        "train_score": 0.618744265481175,
        "test_score": 0.6152927750090004,
        "num_samples": 16027,
        "fit_time": 1768,
        "score_time": 1713,
        "time": 3481,
        "parameters": {
            "C": 10.0,
            "penalty": "l2"
        },
        "best_iteration": null,
        "done_at": 1657438752463,
        "split_id": 3
    },
    {
        "test_score_gib": 0.6215791322333974,
        "train_score": 0.616993940066672,
        "test_score": 0.6215791322333974,
        "num_samples": 16027,
        "fit_time": 895,
        "score_time": 4069,
        "time": 4964,
        "parameters": {
            "C": 10.0,
            "penalty": "l2"
        },
        "best_iteration": null,
        "done_at": 1657438755788,
        "split_id": 4
    },
    {
        "test_score_gib": 0.6142330218959193,
        "train_score": 0.6183199175576609,
        "test_score": 0.6142330218959193,
        "num_samples": 16028,
        "fit_time": 699,
        "score_time": 1765,
        "time": 2464,
        "parameters": {
            "C": 0.01,
            "penalty": "l2"
        },
        "best_iteration": null,
        "done_at": 1657438818946,
        "split_id": 0
    },
    {
        "test_score_gib": 0.6204080840299135,
        "train_score": 0.6166899721917172,
        "test_score": 0.6204080840299135,
        "num_samples": 16028,
        "fit_time": 2309,
        "score_time": 2768,
        "time": 5077,
        "parameters": {
            "C": 0.01,
            "penalty": "l2"
        },
        "best_iteration": null,
        "done_at": 1657438824224,
        "split_id": 1
    },
    {
        "test_score_gib": 0.6070430569322841,
        "train_score": 0.6195887608058142,
        "test_score": 0.6070430569322841,
        "num_samples": 16027,
        "fit_time": 2002,
        "score_time": 3308,
        "time": 5310,
        "parameters": {
            "C": 0.01,
            "penalty": "l2"
        },
        "best_iteration": null,
        "done_at": 1657438829668,
        "split_id": 2
    },
    {
        "test_score_gib": 0.615773134506318,
        "train_score": 0.6183286534167619,
        "test_score": 0.615773134506318,
        "num_samples": 16027,
        "fit_time": 2678,
        "score_time": 3782,
        "time": 6460,
        "parameters": {
            "C": 0.01,
            "penalty": "l2"
        },
        "best_iteration": null,
        "done_at": 1657438836133,
        "split_id": 3
    },
    {
        "test_score_gib": 0.6222135741926682,
        "train_score": 0.6163292135364344,
        "test_score": 0.6222135741926682,
        "num_samples": 16027,
        "fit_time": 3063,
        "score_time": 3446,
        "time": 6509,
        "parameters": {
            "C": 0.01,
            "penalty": "l2"
        },
        "best_iteration": null,
        "done_at": 1657438836864,
        "split_id": 4
    },
    {
        "test_score_gib": 0.6143950763649064,
        "train_score": 0.6188550577601799,
        "test_score": 0.6143950763649064,
        "num_samples": 16028,
        "fit_time": 2920,
        "score_time": 4075,
        "time": 6995,
        "parameters": {
            "C": 1.0,
            "penalty": "l2"
        },
        "best_iteration": null,
        "done_at": 1657438843290,
        "split_id": 0
    },
    {
        "test_score_gib": 0.6210927965324368,
        "train_score": 0.6171452850497308,
        "test_score": 0.6210927965324368,
        "num_samples": 16028,
        "fit_time": 3335,
        "score_time": 3073,
        "time": 6408,
        "parameters": {
            "C": 1.0,
            "penalty": "l2"
        },
        "best_iteration": null,
        "done_at": 1657438843286,
        "split_id": 1
    },
    {
        "test_score_gib": 0.6083251513347611,
        "train_score": 0.6202316218642485,
        "test_score": 0.6083251513347611,
        "num_samples": 16027,
        "fit_time": 3662,
        "score_time": 3174,
        "time": 6836,
        "parameters": {
            "C": 1.0,
            "penalty": "l2"
        },
        "best_iteration": null,
        "done_at": 1657438846162,
        "split_id": 2
    },
    {
        "test_score_gib": 0.6153095321990303,
        "train_score": 0.6186882096833597,
        "test_score": 0.6153095321990303,
        "num_samples": 16027,
        "fit_time": 3718,
        "score_time": 3423,
        "time": 7141,
        "parameters": {
            "C": 1.0,
            "penalty": "l2"
        },
        "best_iteration": null,
        "done_at": 1657438850432,
        "split_id": 3
    },
    {
        "test_score_gib": 0.6215972044942265,
        "train_score": 0.6169106669862445,
        "test_score": 0.6215972044942265,
        "num_samples": 16027,
        "fit_time": 3712,
        "score_time": 3381,
        "time": 7093,
        "parameters": {
            "C": 1.0,
            "penalty": "l2"
        },
        "best_iteration": null,
        "done_at": 1657438850573,
        "split_id": 4
    },
    {
        "test_score_gib": 0.6144424078238264,
        "train_score": 0.6188185654377287,
        "test_score": 0.6144424078238264,
        "num_samples": 16028,
        "fit_time": 3576,
        "score_time": 3240,
        "time": 6816,
        "parameters": {
            "C": 0.1,
            "penalty": "l2"
        },
        "best_iteration": null,
        "done_at": 1657438853185,
        "split_id": 0
    },
    {
        "test_score_gib": 0.6211563035572839,
        "train_score": 0.6172399633561045,
        "test_score": 0.6211563035572839,
        "num_samples": 16028,
        "fit_time": 2779,
        "score_time": 3349,
        "time": 6128,
        "parameters": {
            "C": 0.1,
            "penalty": "l2"
        },
        "best_iteration": null,
        "done_at": 1657438856595,
        "split_id": 1
    },
    {
        "test_score_gib": 0.6083252708866518,
        "train_score": 0.6201848663630677,
        "test_score": 0.6083252708866518,
        "num_samples": 16027,
        "fit_time": 3125,
        "score_time": 3826,
        "time": 6951,
        "parameters": {
            "C": 0.1,
            "penalty": "l2"
        },
        "best_iteration": null,
        "done_at": 1657438858103,
        "split_id": 2
    },
    {
        "test_score_gib": 0.6153960279920391,
        "train_score": 0.6187692488995267,
        "test_score": 0.6153960279920391,
        "num_samples": 16027,
        "fit_time": 3151,
        "score_time": 3885,
        "time": 7036,
        "parameters": {
            "C": 0.1,
            "penalty": "l2"
        },
        "best_iteration": null,
        "done_at": 1657438860482,
        "split_id": 3
    },
    {
        "test_score_gib": 0.6219529112200486,
        "train_score": 0.6168092490507422,
        "test_score": 0.6219529112200486,
        "num_samples": 16027,
        "fit_time": 2716,
        "score_time": 2989,
        "time": 5705,
        "parameters": {
            "C": 0.1,
            "penalty": "l2"
        },
        "best_iteration": null,
        "done_at": 1657438863044,
        "split_id": 4
    },
    {
        "test_score_gib": 0.6145910756175634,
        "train_score": 0.6188843076548074,
        "test_score": 0.6145910756175634,
        "num_samples": 16028,
        "fit_time": 54029,
        "score_time": 1042,
        "time": 55071,
        "parameters": {
            "C": 100.0,
            "penalty": "l1"
        },
        "best_iteration": null,
        "done_at": 1657438806572,
        "split_id": 0
    },
    {
        "test_score_gib": 0.6211117609890411,
        "train_score": 0.6171865305267561,
        "test_score": 0.6211117609890411,
        "num_samples": 16028,
        "fit_time": 63185,
        "score_time": 736,
        "time": 63921,
        "parameters": {
            "C": 100.0,
            "penalty": "l1"
        },
        "best_iteration": null,
        "done_at": 1657438816440,
        "split_id": 1
    },
    {
        "test_score_gib": 0.6082251661034046,
        "train_score": 0.6203405482732687,
        "test_score": 0.6082251661034046,
        "num_samples": 16027,
        "fit_time": 73483,
        "score_time": 3528,
        "time": 77011,
        "parameters": {
            "C": 100.0,
            "penalty": "l1"
        },
        "best_iteration": null,
        "done_at": 1657438830331,
        "split_id": 2
    },
    {
        "test_score_gib": 0.6153650640523166,
        "train_score": 0.6187345916286442,
        "test_score": 0.6153650640523166,
        "num_samples": 16027,
        "fit_time": 80162,
        "score_time": 3022,
        "time": 83184,
        "parameters": {
            "C": 100.0,
            "penalty": "l1"
        },
        "best_iteration": null,
        "done_at": 1657438839157,
        "split_id": 3
    },
    {
        "test_score_gib": 0.6215870824341371,
        "train_score": 0.6169984812611861,
        "test_score": 0.6215870824341371,
        "num_samples": 16027,
        "fit_time": 60786,
        "score_time": 1670,
        "time": 62456,
        "parameters": {
            "C": 100.0,
            "penalty": "l1"
        },
        "best_iteration": null,
        "done_at": 1657438869101,
        "split_id": 4
    },
    {
        "test_score_gib": 0.6143544980055547,
        "train_score": 0.6188132550296384,
        "test_score": 0.6143544980055547,
        "num_samples": 16028,
        "fit_time": 9192,
        "score_time": 1703,
        "time": 10895,
        "parameters": {
            "C": 1.0,
            "penalty": "l1"
        },
        "best_iteration": null,
        "done_at": 1657438869204,
        "split_id": 0
    },
    {
        "test_score_gib": 0.6211383749743598,
        "train_score": 0.6171443766331046,
        "test_score": 0.6211383749743598,
        "num_samples": 16028,
        "fit_time": 8562,
        "score_time": 1239,
        "time": 9801,
        "parameters": {
            "C": 1.0,
            "penalty": "l1"
        },
        "best_iteration": null,
        "done_at": 1657438870318,
        "split_id": 1
    },
    {
        "test_score_gib": 0.6083354826106594,
        "train_score": 0.6201967018590522,
        "test_score": 0.6083354826106594,
        "num_samples": 16027,
        "fit_time": 4091,
        "score_time": 1144,
        "time": 5235,
        "parameters": {
            "C": 1.0,
            "penalty": "l1"
        },
        "best_iteration": null,
        "done_at": 1657438868435,
        "split_id": 2
    },
    {
        "test_score_gib": 0.6152537512793048,
        "train_score": 0.6186654956170786,
        "test_score": 0.6152537512793048,
        "num_samples": 16027,
        "fit_time": 3801,
        "score_time": 1552,
        "time": 5353,
        "parameters": {
            "C": 1.0,
            "penalty": "l1"
        },
        "best_iteration": null,
        "done_at": 1657438874045,
        "split_id": 3
    },
    {
        "test_score_gib": 0.6216671423503567,
        "train_score": 0.6168454459945111,
        "test_score": 0.6216671423503567,
        "num_samples": 16027,
        "fit_time": 4128,
        "score_time": 1494,
        "time": 5622,
        "parameters": {
            "C": 1.0,
            "penalty": "l1"
        },
        "best_iteration": null,
        "done_at": 1657438874812,
        "split_id": 4
    },
    {
        "test_score_gib": 0.6141972742936332,
        "train_score": 0.618497561884491,
        "test_score": 0.6141972742936332,
        "num_samples": 16028,
        "fit_time": 2171,
        "score_time": 1140,
        "time": 3311,
        "parameters": {
            "C": 0.1,
            "penalty": "l1"
        },
        "best_iteration": null,
        "done_at": 1657438872559,
        "split_id": 0
    },
    {
        "test_score_gib": 0.6210344688759901,
        "train_score": 0.6168789047936887,
        "test_score": 0.6210344688759901,
        "num_samples": 16028,
        "fit_time": 1971,
        "score_time": 1338,
        "time": 3309,
        "parameters": {
            "C": 0.1,
            "penalty": "l1"
        },
        "best_iteration": null,
        "done_at": 1657438873682,
        "split_id": 1
    },
    {
        "test_score_gib": 0.6074864151193929,
        "train_score": 0.6198419769153813,
        "test_score": 0.6074864151193929,
        "num_samples": 16027,
        "fit_time": 1521,
        "score_time": 1455,
        "time": 2976,
        "parameters": {
            "C": 0.1,
            "penalty": "l1"
        },
        "best_iteration": null,
        "done_at": 1657438875587,
        "split_id": 2
    },
    {
        "test_score_gib": 0.6149763510419705,
        "train_score": 0.6184129674729539,
        "test_score": 0.6149763510419705,
        "num_samples": 16027,
        "fit_time": 1739,
        "score_time": 989,
        "time": 2728,
        "parameters": {
            "C": 0.1,
            "penalty": "l1"
        },
        "best_iteration": null,
        "done_at": 1657438876422,
        "split_id": 3
    },
    {
        "test_score_gib": 0.6221512079562899,
        "train_score": 0.6162500850586776,
        "test_score": 0.6221512079562899,
        "num_samples": 16027,
        "fit_time": 1643,
        "score_time": 1010,
        "time": 2653,
        "parameters": {
            "C": 0.1,
            "penalty": "l1"
        },
        "best_iteration": null,
        "done_at": 1657438876849,
        "split_id": 4
    },
    {
        "test_score_gib": 0.6027913190040528,
        "train_score": 0.601984688222473,
        "test_score": 0.6027913190040528,
        "num_samples": 16028,
        "fit_time": 818,
        "score_time": 920,
        "time": 1738,
        "parameters": {
            "C": 0.01,
            "penalty": "l1"
        },
        "best_iteration": null,
        "done_at": 1657438876639,
        "split_id": 0
    },
    {
        "test_score_gib": 0.6055951202859505,
        "train_score": 0.6011986351291112,
        "test_score": 0.6055951202859505,
        "num_samples": 16028,
        "fit_time": 571,
        "score_time": 998,
        "time": 1569,
        "parameters": {
            "C": 0.01,
            "penalty": "l1"
        },
        "best_iteration": null,
        "done_at": 1657438877235,
        "split_id": 1
    },
    {
        "test_score_gib": 0.5909141320138205,
        "train_score": 0.6047447259460959,
        "test_score": 0.5909141320138205,
        "num_samples": 16027,
        "fit_time": 621,
        "score_time": 940,
        "time": 1561,
        "parameters": {
            "C": 0.01,
            "penalty": "l1"
        },
        "best_iteration": null,
        "done_at": 1657438878043,
        "split_id": 2
    },
    {
        "test_score_gib": 0.5968494549987953,
        "train_score": 0.6023056493764709,
        "test_score": 0.5968494549987953,
        "num_samples": 16027,
        "fit_time": 729,
        "score_time": 850,
        "time": 1579,
        "parameters": {
            "C": 0.01,
            "penalty": "l1"
        },
        "best_iteration": null,
        "done_at": 1657438878358,
        "split_id": 3
    },
    {
        "test_score_gib": 0.6104602484782439,
        "train_score": 0.6007202613420959,
        "test_score": 0.6104602484782439,
        "num_samples": 16027,
        "fit_time": 607,
        "score_time": 1026,
        "time": 1633,
        "parameters": {
            "C": 0.01,
            "penalty": "l1"
        },
        "best_iteration": null,
        "done_at": 1657438878695,
        "split_id": 4
    },
    {
        "test_score_gib": 0.614613466425571,
        "train_score": 0.6188826788557026,
        "test_score": 0.614613466425571,
        "num_samples": 16028,
        "fit_time": 955,
        "score_time": 1660,
        "time": 2615,
        "parameters": {
            "C": 100.0,
            "penalty": "l2"
        },
        "best_iteration": null,
        "done_at": 1657438879886,
        "split_id": 0
    },
    {
        "test_score_gib": 0.621113972180935,
        "train_score": 0.6171951091177599,
        "test_score": 0.621113972180935,
        "num_samples": 16028,
        "fit_time": 2511,
        "score_time": 2938,
        "time": 5449,
        "parameters": {
            "C": 100.0,
            "penalty": "l2"
        },
        "best_iteration": null,
        "done_at": 1657438883632,
        "split_id": 1
    },
    {
        "test_score_gib": 0.6082234923769331,
        "train_score": 0.6203427136522817,
        "test_score": 0.6082234923769331,
        "num_samples": 16027,
        "fit_time": 3278,
        "score_time": 3842,
        "time": 7120,
        "parameters": {
            "C": 100.0,
            "penalty": "l2"
        },
        "best_iteration": null,
        "done_at": 1657438885501,
        "split_id": 2
    },
    {
        "test_score_gib": 0.6153509768545148,
        "train_score": 0.6187480458668465,
        "test_score": 0.6153509768545148,
        "num_samples": 16027,
        "fit_time": 4689,
        "score_time": 4742,
        "time": 9431,
        "parameters": {
            "C": 100.0,
            "penalty": "l2"
        },
        "best_iteration": null,
        "done_at": 1657438888176,
        "split_id": 3
    },
    {
        "test_score_gib": 0.6215959292740578,
        "train_score": 0.6170081439070398,
        "test_score": 0.6215959292740578,
        "num_samples": 16027,
        "fit_time": 5083,
        "score_time": 3836,
        "time": 8919,
        "parameters": {
            "C": 100.0,
            "penalty": "l2"
        },
        "best_iteration": null,
        "done_at": 1657438888881,
        "split_id": 4
    },
    {
        "test_score_gib": 0.6144760338771331,
        "train_score": 0.6188807113460806,
        "test_score": 0.6144760338771331,
        "num_samples": 16028,
        "fit_time": 26817,
        "score_time": 1016,
        "time": 27833,
        "parameters": {
            "C": 10.0,
            "penalty": "l1"
        },
        "best_iteration": null,
        "done_at": 1657438911697,
        "split_id": 0
    },
    {
        "test_score_gib": 0.6211511839508266,
        "train_score": 0.6171784923782686,
        "test_score": 0.6211511839508266,
        "num_samples": 16028,
        "fit_time": 16881,
        "score_time": 1833,
        "time": 18714,
        "parameters": {
            "C": 10.0,
            "penalty": "l1"
        },
        "best_iteration": null,
        "done_at": 1657438904346,
        "split_id": 1
    },
    {
        "test_score_gib": 0.6082908399420954,
        "train_score": 0.6203040817466614,
        "test_score": 0.6082908399420954,
        "num_samples": 16027,
        "fit_time": 20581,
        "score_time": 1093,
        "time": 21674,
        "parameters": {
            "C": 10.0,
            "penalty": "l1"
        },
        "best_iteration": null,
        "done_at": 1657438909939,
        "split_id": 2
    },
    {
        "test_score_gib": 0.615315190988529,
        "train_score": 0.6187353082333722,
        "test_score": 0.615315190988529,
        "num_samples": 16027,
        "fit_time": 15526,
        "score_time": 2026,
        "time": 17552,
        "parameters": {
            "C": 10.0,
            "penalty": "l1"
        },
        "best_iteration": null,
        "done_at": 1657438906451,
        "split_id": 3
    },
    {
        "test_score_gib": 0.6215851297532536,
        "train_score": 0.6169823747761192,
        "test_score": 0.6215851297532536,
        "num_samples": 16027,
        "fit_time": 20659,
        "score_time": 650,
        "time": 21309,
        "parameters": {
            "C": 10.0,
            "penalty": "l1"
        },
        "best_iteration": null,
        "done_at": 1657438925872,
        "split_id": 4
    }
]