{
    "modelInputNRows": 80137,
    "modelInputNCols": 54,
    "modelInputIsSparse": false,
    "modelInputMemory": 34619184,
    "usedGridSearch": true,
    "gridSize": 10,
    "gridBestScore": 0.6162546228492324,
    "gridCells": [
        {
            "params": {
                "C": 10.0,
                "penalty": "l2"
            },
            "score": 0.6161691624700347,
            "scoreStd": 0.004896513315364246,
            "fitTime": 1.436,
            "fitTimeStd": 0.3989029957270314,
            "scoreTime": 1.8832,
            "scoreTimeStd": 1.175798690252715
        },
        {
            "params": {
                "C": 100.0,
                "penalty": "l1"
            },
            "score": 0.6161760716523993,
            "scoreStd": 0.004899501870151953,
            "fitTime": 66.329,
            "fitTimeStd": 9.321278774932118,
            "scoreTime": 1.9995999999999998,
            "scoreTimeStd": 1.0957761815261362
        },
        {
            "params": {
                "C": 0.01,
                "penalty": "l2"
            },
            "score": 0.615934208911634,
            "scoreStd": 0.0053182036936395,
            "fitTime": 2.1502,
            "fitTimeStd": 0.8080765805293456,
            "scoreTime": 3.0138000000000003,
            "scoreTimeStd": 0.7047553901886809
        },
        {
            "params": {
                "C": 1.0,
                "penalty": "l2"
            },
            "score": 0.6161439921162966,
            "scoreStd": 0.004880906417046664,
            "fitTime": 3.4694000000000003,
            "fitTimeStd": 0.30908096026769427,
            "scoreTime": 3.4252,
            "scoreTimeStd": 0.34966978708490104
        },
        {
            "params": {
                "C": 0.1,
                "penalty": "l2"
            },
            "score": 0.6162546228492324,
            "scoreStd": 0.004967726231181152,
            "fitTime": 3.0694,
            "fitTimeStd": 0.30842088126454736,
            "scoreTime": 3.4578,
            "scoreTimeStd": 0.34557742981855744
        },
        {
            "params": {
                "C": 1.0,
                "penalty": "l1"
            },
            "score": 0.6161498896904762,
            "scoreStd": 0.0049074487100767535,
            "fitTime": 5.9548000000000005,
            "fitTimeStd": 2.3969463406592983,
            "scoreTime": 1.4264000000000001,
            "scoreTimeStd": 0.20577716102619356
        },
        {
            "params": {
                "C": 0.1,
                "penalty": "l1"
            },
            "score": 0.6159691845552786,
            "scoreStd": 0.005290663172309353,
            "fitTime": 1.809,
            "fitTimeStd": 0.23353286706585863,
            "scoreTime": 1.1864000000000001,
            "scoreTimeStd": 0.18295638824594235
        },
        {
            "params": {
                "C": 0.01,
                "penalty": "l1"
            },
            "score": 0.6013221266125782,
            "scoreStd": 0.006815407439796009,
            "fitTime": 0.6692,
            "fitTimeStd": 0.09116227289838708,
            "scoreTime": 0.9468,
            "scoreTimeStd": 0.06169084210804712
        },
        {
            "params": {
                "C": 100.0,
                "penalty": "l2"
            },
            "score": 0.6161796094542198,
            "scoreStd": 0.004901476615324778,
            "fitTime": 3.3032,
            "fitTimeStd": 1.4986920163929613,
            "scoreTime": 3.4036,
            "scoreTimeStd": 1.0418640218377828
        },
        {
            "params": {
                "C": 10.0,
                "penalty": "l1"
            },
            "score": 0.6161637168801808,
            "scoreStd": 0.004895216974523823,
            "fitTime": 20.0928,
            "fitTimeStd": 3.922884367401109,
            "scoreTime": 1.3235999999999999,
            "scoreTimeStd": 0.5204584901795724
        }
    ],
    "lmCoefficients": {
        "variables": [
            "Annual_Premium",
            "dummy:Region_Code:28.0",
            "dummy:Region_Code:8.0",
            "dummy:Region_Code:46.0",
            "dummy:Region_Code:41.0",
            "dummy:Region_Code:15.0",
            "dummy:Region_Code:30.0",
            "dummy:Region_Code:29.0",
            "dummy:Region_Code:3.0",
            "dummy:Region_Code:50.0",
            "dummy:Region_Code:11.0",
            "dummy:Region_Code:36.0",
            "dummy:Region_Code:33.0",
            "dummy:Region_Code:47.0",
            "dummy:Region_Code:35.0",
            "dummy:Region_Code:6.0",
            "dummy:Region_Code:45.0",
            "dummy:Region_Code:37.0",
            "dummy:Region_Code:18.0",
            "dummy:Region_Code:39.0",
            "dummy:Region_Code:48.0",
            "dummy:Region_Code:14.0",
            "dummy:Region_Code:2.0",
            "dummy:Region_Code:21.0",
            "dummy:Region_Code:10.0",
            "dummy:Region_Code:13.0",
            "dummy:Region_Code:7.0",
            "dummy:Region_Code:12.0",
            "dummy:Region_Code:9.0",
            "dummy:Region_Code:32.0",
            "dummy:Region_Code:27.0",
            "dummy:Region_Code:43.0",
            "dummy:Region_Code:17.0",
            "dummy:Region_Code:24.0",
            "dummy:Region_Code:26.0",
            "dummy:Region_Code:38.0",
            "dummy:Region_Code:25.0",
            "dummy:Region_Code:20.0",
            "dummy:Region_Code:31.0",
            "dummy:Region_Code:4.0",
            "dummy:Region_Code:23.0",
            "dummy:Region_Code:0.0",
            "dummy:Region_Code:16.0",
            "dummy:Region_Code:49.0",
            "dummy:Region_Code:34.0",
            "dummy:Region_Code:19.0",
            "dummy:Region_Code:5.0",
            "dummy:Region_Code:22.0",
            "dummy:Region_Code:40.0",
            "dummy:Region_Code:1.0",
            "dummy:Region_Code:44.0",
            "dummy:Region_Code:42.0",
            "dummy:Region_Code:52.0"
        ],
        "coefs": [
            -0.0678536686741806,
            0.8149847295125547,
            0.030966789613575595,
            0.09293012300002786,
            0.2416171385270761,
            -0.33352873556181306,
            -0.25806365861734704,
            0.26600805327468086,
            0.3174598287891091,
            -0.5428368700373877,
            0.18809307210555035,
            -0.2105932918759708,
            0.0048996718115250195,
            -0.0578512627865164,
            0.29221209598694975,
            -0.32068778083953453,
            0.13394557603762666,
            -0.23348320700114203,
            0.33648253000549655,
            0.28714068150719557,
            -0.11848016000909282,
            -0.05380655072204726,
            -0.29984276966687706,
            -0.1744060196443005,
            -0.4812313686815285,
            -0.052095913395537916,
            0.27086807226909726,
            0.0658024972612516,
            -0.17193440338045826,
            -0.09609714507751074,
            -0.4614244154675922,
            -0.005126985245118422,
            -0.3261286229405424,
            0.38897064105356277,
            -0.24680832622710458,
            0.6663928777151213,
            -0.6767688348103752,
            0.05806633864165389,
            0.010629166042518196,
            0.4330739888651012,
            0.3779894825711486,
            -0.39411438289134626,
            -0.4277378063277935,
            -0.31374554146436145,
            -0.1647282450949798,
            0.5676378112843379,
            0.150277736951057,
            -0.41620045410402795,
            0.1565475323426029,
            0.08016428474243906,
            -0.41882572824419373,
            -0.0830103377870965,
            0.09375755596812836
        ],
        "interceptCoef": -0.2756875696895193,
        "interceptStderr": null,
        "interceptTstat": null,
        "interceptPvalue": null,
        "rescaledCoefs": [
            -4.549434571410794e-06,
            0.8149847295125547,
            0.030966789613575595,
            0.09293012300002786,
            0.2416171385270761,
            -0.33352873556181306,
            -0.25806365861734704,
            0.26600805327468086,
            0.3174598287891091,
            -0.5428368700373877,
            0.18809307210555035,
            -0.2105932918759708,
            0.0048996718115250195,
            -0.0578512627865164,
            0.29221209598694975,
            -0.32068778083953453,
            0.13394557603762666,
            -0.23348320700114203,
            0.33648253000549655,
            0.28714068150719557,
            -0.11848016000909282,
            -0.05380655072204726,
            -0.29984276966687706,
            -0.1744060196443005,
            -0.4812313686815285,
            -0.052095913395537916,
            0.27086807226909726,
            0.0658024972612516,
            -0.17193440338045826,
            -0.09609714507751074,
            -0.4614244154675922,
            -0.005126985245118422,
            -0.3261286229405424,
            0.38897064105356277,
            -0.24680832622710458,
            0.6663928777151213,
            -0.6767688348103752,
            0.05806633864165389,
            0.010629166042518196,
            0.4330739888651012,
            0.3779894825711486,
            -0.39411438289134626,
            -0.4277378063277935,
            -0.31374554146436145,
            -0.1647282450949798,
            0.5676378112843379,
            0.150277736951057,
            -0.41620045410402795,
            0.1565475323426029,
            0.08016428474243906,
            -0.41882572824419373,
            -0.0830103377870965,
            0.09375755596812836
        ],
        "rescaledInterceptCoef": -0.14165818407849526
    },
    "probaAware": true
}