{
  "state": "DONE",
  "preSearchDescription": {
    "gridLength": 10,
    "searchStrategy": "GRID",
    "importantParams": [
      {
        "name": "penalty",
        "vals": [
          "l1",
          "l2"
        ]
      },
      {
        "name": "C",
        "vals": [
          "0.01",
          "0.1",
          "1.0",
          "10.0",
          "100.0"
        ]
      }
    ]
  },
  "postSearchDescription": {
    "importantParams": [
      {
        "name": "C",
        "val": "0.1"
      },
      {
        "name": "penalty",
        "val": "l2"
      }
    ]
  },
  "resumed": false,
  "timeOrderingEnabled": false,
  "sampleWeightsEnabled": false,
  "modelId": "m1",
  "progress": {
    "top_level_todo": [],
    "stack": [],
    "top_level_done": [
      {
        "name": "Loading train set",
        "time": 458
      },
      {
        "name": "Loading test set",
        "time": 134
      },
      {
        "name": "Collecting statistics",
        "time": 125
      },
      {
        "name": "Preprocessing train set",
        "time": 571
      },
      {
        "name": "Preprocessing test set",
        "time": 152
      },
      {
        "name": "Hyperparameter searching",
        "time": 178158
      },
      {
        "name": "Fitting model",
        "time": 962
      },
      {
        "name": "Saving model",
        "time": 4
      },
      {
        "name": "Scoring model",
        "time": 85906
      }
    ]
  },
  "startTime": 1657438747202,
  "endTime": 1657439017036,
  "preprocessingTime": 1442,
  "trainingTime": 268392,
  "hyperparamsSearchTime": 178158
}