{
  "description": "",
  "name": "Logistic Regression",
  "starred": false,
  "clusterMetas": {},
  "customMeta": {
    "kv": {}
  },
  "tags": [],
  "activeClassifierThreshold": 0.45,
  "labels": [
    {
      "key": "trainDataset:dataset-name",
      "value": "train_dataset"
    },
    {
      "key": "testDataset:dataset-name",
      "value": "train_dataset"
    },
    {
      "key": "model:date",
      "value": "2022-07-10 07:39:00"
    },
    {
      "key": "model:algorithm",
      "value": "LOGISTIC_REGRESSION"
    }
  ]
}